hs4,share_2023_2025,usd_acumulado_2023_2025,usd_promedio_anual,n_ncm,descripcion_top_ncm,ncms_listados
1005,0.23835450218600968,7021867203.3207445,2340622401.1069145,3," Maíz en grano, excluido para siembra","10059010,10051000,10059090"
2304,0.15746613123745762,4638914945.719048,1546304981.9063494,2, Harina y pellets de la extracción del aceite de soja,"23040010,23040090"
1507,0.09570304013077677,2819388904.296663,939796301.4322209,4," Aceite de soja en bruto, incluso desgomado","15071000,15079090,15079011,15079019"
1201,0.07528249651230849,2217804523.9160376,739268174.6386791,2," Porotos de soja, incluso quebrantados, excluidos para siembra","12019000,12011000"
1202,0.07132542649360088,2101230178.012041,700410059.3373471,3," Maníes sin tostar ni cocer de otro modo, excluidos para siembra, sin cáscara, incluso quebrantados","12024200,12023000,12024100"
8704,0.044008917451995984,1296492288.9044504,432164096.30148345,7," Vehículos automóviles para transporte de mercancías, con motor de émbolo, de encendido por compresión (diésel o semidiésel) de peso total con carga máxima <= a 5 t n.c.o.p.","87042190,87043190,87042290,87042310,87043210"
8703,0.03815029728396352,1123898725.798533,374632908.59951097,6," Vehículos automóviles, principalmente para el transporte de personas, de cilindrada > a 1.000 cm3 y <= a 1.500 cm3, con capacidad <= a 6 personas","87032210,87033110,87033210,87032310,87032410"
8708,0.03264949027050006,961846253.512977,320615417.837659,35, Cajas de cambio para vehículos automóviles n.c.o.p.,"87084080,87088000,87082999,87089990,87084090"
1001,0.027696436277151182,815930455.5179739,271976818.5059913,4," Trigo y morcajo, excluidos trigo duro y para siembra","10019900,10019100,10011100,10011900"
0402,0.016933453660165843,498855535.7871033,166285178.5957011,6," Leche entera, en polvo, gránulos o similares, sin azucarar, con contenido de materias grasas > a 1,5%","04022110,04021010,04022920,04022120,04029900"
8408,0.01676617606533909,493927577.4469344,164642525.8156448,3," Motores de émbolo, diésel o semidiésel, para vehículos automotores, cilindrada > a 3.500 cm3","84082090,84089090,84089010"
1512,0.01363774522427656,401764745.53377455,133921581.84459151,4," Aceite de girasol, en bruto","15121110,15121911,15121919,15121120"
1508,0.010053176429976884,296164197.51015395,98721399.17005132,2," Aceite de maní, en bruto","15081000,15089000"
2008,0.009927384914986676,292458409.26002705,97486136.42000902,5," Maníes preparados o conservados de otro modo, incluso con adición de azúcar o edulcorante o alcohol, n.c.o.p.","20081100,20089790,20081900,20086010,20089900"
0405,0.009815767509153738,289170186.90991426,96390062.30330475,2,Manteca,"04051000,04059010"
0404,0.009784871041914965,288259984.299883,96086661.43329433,2," Lactosuero, modificado o no, incluso concentrado con adición de azúcar o edulcorantes","04041000,04049000"
2302,0.007570436485375141,223023266.5376464,74341088.84588213,2," Salvados, moyuelos y demás residuos del cernido, de la molienda, o de otros tratamientos de las leguminosas","23025000,23023090"
1007,0.00706862593325277,208240046.47713953,69413348.82571317,2," Sorgo en grano, excluido para siembra","10079000,10071000"
2306,0.005621446323436576,165606477.7956779,55202159.26522596,2," Tortas, harinas y pellets de la extración del aceite de girasol","23063010,23063090"
1214,0.004620025215147616,136104849.0346664,45368283.01155546,2,"Plantas,raíces y productos forrajeros excluidas harina y ""pellets"" de alfalfa","12149000,12141000"
3501,0.004587497241925643,135146582.64463353,45048860.88154451,1,Caseína,35011000
0406,0.00444964198232794,131085399.33449428,43695133.111498095,9,"Queso de pasta semidura,c/contenido de humedad >= al 36,0% y < al 46,0%","04069020,04069010,04061010,04063000,04062000"
2207,0.004065738207696085,119775685.02410652,39925228.34136884,3," Alcohol etílico sin desnaturalizar con grado alcohólico volumétrico <= a 80% vol, con un contenido de agua <= a 1% vol","22071010,22071090,22072011"
1806,0.003552042132697207,104642320.27358772,34880773.42452924,7,"Chocolate y preparaciones alimenticias c/cacao,ncop.","18069000,18063210,18062000,18063120,18063220"
1704,0.003463589634005424,102036530.60349834,34012176.86783278,4," Bombones, caramelos, confites y pastillas sin cacao","17049020,17049090,17049010,17041000"
3502,0.003376702774847622,99476864.30341059,33158954.76780353,2,Lactoalbúmina incluido los concentrados de dos o más proteínas de lactosuero,"35022000,35029010"
3823,0.0032303731688027634,95166028.75326276,31722009.58442092,1,Ácidos grasos monocarboxílicos industriales ncop.,38231990
3826,0.003182713172411644,93761976.54321465,31253992.18107155,1," Biodiésel y sus mezclas, sin aceites de petróleo o de mineral bituminoso",38260000
0202,0.003164908118935303,93237443.88319667,31079147.961065553,4," Carne bovina, congelada, deshuesada","02023000,02022090,02022010,02022020"
0713,0.0029225484604303623,86097585.72295189,28699195.240983963,12," Garbanzos secos desvainados, aunque estén mondados o partidos, excluidos para siembra","07132090,07133329,07133399,07133319,07133290"
0201,0.002607342678823177,76811698.02263352,25603899.340877842,1," Carne bovina, fresca o refrigerada, deshuesada",02013000
3507,0.002601420349490739,76637227.60262755,25545742.53420918,8,Preparaciones enzimáticas excluidas a base de celulasas y transglutaminasa,"35079049,35079039,35079019,35079029,35079011"
2923,0.0025506136808325975,75140475.1725762,25046825.0575254,1, Lecitina y demás fosfoaminolípidos,29232000
1905,0.0025208393621231166,74263330.79254614,24754443.59751538,6,Galletas dulces c/adición de edulcorante,"19053100,19053200,19059020,19059090,19052010"
2309,0.002472424484241127,72837039.95249723,24279013.317499075,4,Preparaciones alimenticias p/animales c/elementos nutritivos balanceado(piensos compuestos completos),"23099010,23091000,23099090,23099060"
0409,0.002385702809370766,70282239.94240968,23427413.31413656,1, Miel natural,04090000
9998,0.0023334343961072777,68742424.86235684,22914141.620785613,3, Aprovisionamiento de combustibles y lubricantes a buques y aeronaves,"99980100,99980200,99980500"
3920,0.002309245308977039,68029820.08233242,22676606.694110807,13,"Placas,hojas y tiras de polímeros de cloruro de vinilo ncop.","39204900,39202019,39202090,39201099,39205900"
4010,0.0023049368259475253,67902893.19232807,22634297.730776023,7,"Correas de transmisión s/fin,de caucho vulcanizado,circunferencia > a 60cm.y <= a 150cm.,c/muescas","40103500,40103100,40103900,40103300,40103600"
2106,0.0019557942441141216,57617235.39197541,19205745.13065847,6,"Chicles y otras gomas de mascar,s/azúcar","21069050,21061000,21069060,21069030,21069090"
0205,0.001868327759116924,55040493.45188707,18346831.150629025,1," Carne de la especie caballar, asnal o mular, fresca, refrigerada o congelada",02050000
1101,0.0018539842555229617,54617937.23187257,18205979.07729086,1, Harina de trigo,11010010
1518,0.0015178148729921201,44714466.81153304,14904822.270511014,1,"Grasas,aceites animales o vegetales cocidos,oxidados,deshidratados,sulfurados excluidos aceite vegetal epoxidado y grasas y aceites hidrogenados,refinados",15180090
8433,0.0014548058095966206,42858234.721469395,14286078.2404898,12,Cosechadoras ncop.,"84335990,84339090,84335200,84335100,84332090"
8504,0.0014440242684367365,42540613.07145851,14180204.357152836,18,"Transformadores de dieléctrico líquido,de potencia > a 10000 kVA","85042300,85042100,85049030,85044030,85044022"
2303,0.0014429220134821203,42508140.901457384,14169380.300485795,2,Heces y desperdicios de cervecería o destilería,"23033000,23031000"
8432,0.0014004802738948638,41257817.30141453,13752605.767138176,10,"Partes de máquinas,aparatos y artefactos agrícolas,hortícolas o silvícolas","84329000,84323110,84323190,84322900,84324200"
2918,0.0012794827821566185,37693259.841292314,12564419.947097437,2,"Ácido 2,4-diclorofenoxiacético (2,4-D),sus sales y ésteres","29189912,29181500"
2105,0.0011740947057472077,34588552.061185874,11529517.353728624,2,"Helados incluso c/cacao,en envases <= a 2kg.","21050010,21050090"
9021,0.0011436062390717658,33690369.05115507,11230123.01705169,7,"Artículos y aparatos p/prótesis,ncop.","90213980,90219080,90219089,90211020,90213110"
1517,0.0011350998142948521,33439771.791146487,11146590.59704883,3," Mezclas de aceites refinados, en envases <= a 5 l","15179010,15179090,15171000"
2202,0.0010833493722680126,31915216.021094218,10638405.34036474,2,"Bebidas no alcohólicas excluído todo tipo de agua, suplementos dietarios, preparaciones alimenticias para propósitos médicos específicos, etc","22029900,22021000"
8418,0.0010740069322864238,31639989.95108478,10546663.31702826,7,"Partes de refrigeradores,congeladores y otro material,máquinas y aparatos p/producción de frío o calor excluidos de la partida 8415,ncop.","84189900,84185010,84183000,84186940,84185090"
8409,0.001025644902419097,30215256.001035932,10071752.00034531,18,"Partes de motores de émbolo,de explosión,ncop.","84099190,84099999,84099929,84099120,84099112"
2305,0.000992487599971189,29238449.72100244,9746149.907000814,1,Tortas y residuos sólidos de la extracción del aceite de maní,23050000
8428,0.0009711478677152005,28609786.260980885,9536595.420326961,5,"Máquinas y aparatos de elevación,carga,descarga o manipulación,ncop.","84289090,84283990,84283300,84283910,84282090"
8413,0.0009457387626337116,27861240.04095522,9287080.01365174,16,"Bombas volumétricas rotativas,de engranajes,de caudal <= a 300l./min.","84136011,84139190,84137080,84137090,84135010"
8527,0.0009258179077003476,27274376.370935105,9091458.790311702,2,"Aparatos receptores de radiodifusión para automóviles, que solo funcionan con fuente de energía exterior, combinados con grabador o reproductor de sonido","85272100,85272900"
1206,0.0009013745177796423,26554279.890910424,8851426.630303474,2," Semillas de girasol, incluso quebrantadas, excluidas para siembra","12060090,12060010"
3923,0.0008657040712381749,25503436.98087439,8501145.660291463,11,"Tapones,tapas,cápsulas y otros dispositivos de cierre,de plástico","39235000,39232190,39239090,39239000,39232110"
4009,0.0008283388432559119,24402666.210836653,8134222.070278885,12,"Tubos de caucho vulcanizado,s/endurecer,reforzados y combinados de otro modo solamente c/materia textil,s/accesorios","40093100,40093290,40091100,40091290,40094100"
8544,0.0008208162573427973,24181052.61082905,8060350.8702763505,7, Juegos de cables para bujías de encendido y otros juegos de cables utilizados en los medios de transporte,"85443000,85444200,85446000,85444900,85441919"
1702,0.0007876877935516328,23205095.91079559,7735031.970265197,3,Jarabe de fructosa c/contenido > a 50%,"17026020,17023020,17029000"
1003,0.0007813361366005622,23017977.600789174,7672659.200263058,3," Cebada en grano, excluida cervecera","10039080,10039010,10031000"
9018,0.0007769285981246213,22888132.56078472,7629377.520261574,15,"Sondas,catéteres y cánulas,ncop.","90183929,90189099,90183999,90183219,90182090"
9019,0.0007168507293649432,21118252.770724043,7039417.590241347,4,Aparatos de oxigenoterapia,"90192010,90191000,90192090,90192030"
1104,0.0007119596449120395,20974162.5807191,6991387.526906366,1," Granos de maíz mondados, troceados, perlados o quebrantados",11042300
1901,0.000699083039732663,20594820.840706095,6864940.280235365,5,"Mezclas y pastas para la preparación de productos de panadería, pastelería o galletitería, de la partida 19,05, n.c.o.p.","19012090,19019020,19019090,19012000,19012010"
0207,0.0005386058831282158,15867201.80054401,5289067.2668480035,9," Trozos y despojos de gallos o gallinas, congelados","02071400,02071413,02071424,02071411,02071434"
0206,0.000496934054684182,14639559.600501921,4879853.200167308,9,Despojos de la especie bovina ncop.congelados,"02062990,02062910,02062200,02064900,02068000"
8807,0.000491463509702105,14478398.640496394,4826132.880165464,1,"Partes de aviones, helicópteros o aeronaves no tripuladas, n.c.o.p.",88073000
0703,0.0004619190302463681,13608025.270466553,4536008.423488851,3," Ajos frescos o refrigerados, excluidos para siembra","07032090,07031019,07032010"
3917,0.0004147370078254493,12218054.0604189,4072684.6868063,13,"Tubos de plástico,s/reforzar ni combinar c/otra materia,ncop.,s/accesorios","39173290,39172900,39174090,39173300,39173900"
8529,0.0003892896196800209,11468380.030393194,3822793.3434643983,5,"Partes p/los aparatos de las partidas 8525 a 8528,ncop.","85299090,85291019,85291090,85299011,85299040"
1602,0.0003716974328159327,10950118.370375423,3650039.4567918074,2,Preparaciones bovinas,"16025000,16024900"
3004,0.0003695771079009683,10887654.100373283,3629218.033457761,20,"Medicamentos c/penicilinas o derivados,ncop.,acondicionados p/la venta por menor","30041019,30049039,30049029,30049099,30042019"
8716,0.000363128457977615,10697678.400366768,3565892.800122256,6,"Remolques y semirremolques,autocargadores o autodescargadores p/uso agrícola","87162000,87169090,87163900,87164000,87168000"
8422,0.0003440964099155458,10136998.770347547,3378999.590115849,6,Llenadora de cajas o sacos(bolsas) c/polvos o granulados,"84223021,84224090,84229090,84223030,84223029"
8421,0.00030202541872530447,8897597.330305055,2965865.776768352,15,Aparatos p/filtrar o depurar agua,"84212100,84211210,84212990,84213990,84219999"
1516,0.00030096845198257434,8866459.340303987,2955486.446767996,2,"Grasas y aceites animales hidrogenados,interesterificados,reesterificados o elaidinizados","15161000,15162000"
2811,0.0003006927023123515,8858335.82030371,2952778.6067679035,1,Dióxido de carbono,28112100
8424,0.00029460608754558937,8679025.590297561,2893008.530099187,7,Pulverizadores no portátiles para agricultura u horticultura,"84244900,84248990,84249090,84243010,84243090"
8481,0.000291657839140673,8592170.890294584,2864056.9634315274,14,"Artículos de grifería y órganos similares para tuberías,calderas,depósitos,cubas o continentes similares,ncop.","84818099,84812090,84819090,84818092,84811000"
1502,0.00028415023569691223,8370998.670287002,2790332.8900956674,2,"Sebo bovino,fundido","15021012,15029000"
0701,0.00027496262621962413,8100333.87027772,2700111.2900925735,2,Papas frescas o refrigeradas excluidas p/siembra,"07019000,07011000"
8501,0.00027445880411230007,8085491.3902772125,2695163.796759071,10,"Motores de corriente alterna,monofásicos,excluidos síncronos,de potencia <= a 15 kW","85014019,85013110,85017210,85013210,85015210"
8426,0.0002602530799691119,7666994.120262862,2555664.7067542877,5,Maquinas y aparatos de elevación concebidos p/montarlos s/vehículos de carreteras,"84269100,84269900,84261100,84261900,84261200"
0504,0.000260206636282903,7665625.900262817,2555208.633420939,3,Vejigas y estómagos de animales excluidos pescados,"05040090,05040011,05040019"
8450,0.00025879488970326,7624036.180261391,2541345.393420464,3,"Máquinas totalmente automáticas,p/lavar ropa de capacidad <= a 10 kg.","84501100,84501900,84509090"
7309,0.00025579050642766677,7535527.760258357,2511842.5867527854,2,"Cisternas,cubas y similares capacidad > a 300l.excluidas p/gases,de fundición,hierro o acero,ncop.","73090090,73090010"
8707,0.0002402776672313769,7078523.190242688,2359507.730080896,3,"Carrocerías incluidas las cabinas de vehículos automóviles,ncop.","87079090,87071000,87079010"
6116,0.00022699938265284555,6687348.070229278,2229116.023409759,4,"Guantes,mitones y manoplas ncop.de punto,de fibras sintéticas","61169300,61169900,61169200,61161000"
1515,0.00022104109681963255,6511818.380223259,2170606.1267410866,2, Aceite de maíz en bruto,"15152100,15153000"
4819,0.00021496322482510003,6332765.710217119,2110921.9034057064,6,"Otros envases incluidas fundas p/discos,de papel,cartón guata o napa de fibras de celulosa,ncop.","48195000,48194000,48191000,48192000,48196000"
7801,0.00020977735999913626,6179991.360211881,2059997.120070627,2,"Plomo excluido refinado,c/antimonio como el otro elemento predominante en peso","78019100,78011090"
2101,0.00019628168059816637,5782411.8401982505,1927470.613399417,2,"Extractos,esencias y concentrados de yerba mate","21012020,21012010"
7326,0.00018868327330178673,5558564.560190577,1852854.853396859,3,Manufacturas de hierro o acero ncop.,"73269090,73262000,73261900"
1207,0.00018684844525010971,5504510.960188722,1834836.9867295742,4,Semilla de sésamo excluida p/siembra,"12074090,12079990,12072900,12072100"
8474,0.00017979753828036786,5296792.910181601,1765597.6367272001,7,Hormigoneras y aparatos de amasar mortero,"84743100,84749000,84748090,84741000,84742090"
3824,0.00017178242091414202,5060669.450173506,1686889.8167245018,8,Carburos metálicos s/aglomerar mezclados entre sí o c/aglutinantes metálicos,"38243000,38249977,38249979,38249989,38245000"
2929,0.00017043154922969113,5020873.090172142,1673624.363390714,1,Mezcla de isomeros de diisocianatos de tolueno,29291021
8431,0.00016583204010032964,4885372.640167496,1628457.5467224987,10,"Partes de máquinas o aparatos de la partida 84.28,ncop.","84313900,84314310,84314390,84314100,84314929"
8423,0.000164259896101315,4839057.650165908,1613019.2167219692,8,Dosificadoras c/equipos periféricos que constituyan unidad funcional,"84233011,84238110,84238190,84233019,84238200"
8701,0.00016086302358867845,4738986.5901624765,1579662.1967208255,6,"Tractores ncop., con motor de potencia > a 130 kW, excepto los de 8701.95.10","87019590,87012000,87012100,87019490,87019300"
8479,0.0001604382442075479,4726472.690162048,1575490.8967206827,8, Otras máquinas y aparatos mecánicos con función propia n.c.o.p.,"84798999,84791090,84799090,84798912,84792000"
3002,0.0001600333933640329,4714545.880161639,1571515.293387213,5,"Inmunoglobulina G, liofilizada o en solución","30021235,30021236,30024999,30021239,30029099"
3401,0.00015053224640435614,4434644.340152042,1478214.7800506807,4,"Jabón de tocador excluido medicinal,en panes o similares,papel,guatas o telas s/tejer impregnadas en él","34011190,34012010,34011900,34012090"
2905,0.00014952061912986393,4404842.0401510205,1468280.6800503402,1, Glicerol,29054500
2102,0.00014421168169229454,4248442.000145658,1416147.333381886,1,Levaduras vivas excluida la saccharomyces boulardii,21021090
8512,0.000141857460464505,4179087.200143281,1393029.066714427,9,Faros eléctricos p/vehículos excluidas bicicletas,"85122011,85122023,85122019,85122021,85129000"
9306,0.0001372875914239895,4044459.9401386655,1348153.3133795552,1,"Partes de cartuchos p/armas largas c/cañón de ánima lisa,balines p/rifles aire comprimido",93062900
9031,0.0001357155865978516,3998149.0501370765,1332716.3500456922,9,Instrumentos y aparatos o máquinas de medida o control ncop.,"90318099,90312010,90311000,90319090,90314990"
8803,0.00013416621739150556,3952505.000135512,1317501.6667118373,1,,88033000
0511,0.00013388890593004848,3944335.4701352324,1314778.4900450774,3,"Productos de origen animal,de los capítulos 1 y 3 ncop.","05119999,05119910,05119991"
0403,0.00013299119810466882,3917889.2101343255,1305963.0700447753,2,Leches y cremas fermentadas excluido el yogur,"04039000,04032000"
8419,0.0001304775180258107,3843836.7901317864,1281278.9300439288,11,Aparatos de destilación o rectificación de alcoholes y demás fluidos volátiles y los de hidrocarburos,"84194020,84198190,84199090,84194090,84195021"
8207,0.00012548288148477602,3696695.980126742,1232231.9933755808,7,"Útiles de embutir,estampar o punzonar,de metal común","82073000,82075011,82078000,82072000,82079000"
2301,0.00011960774261983716,3523615.7801208077,1174538.5933736025,2,"Harina,polvo y ""pellets"" de carne,excluidos p/alimentación humana","23011010,23011090"
1209,0.00011845033345415663,3489518.780119639,1163172.9267065462,3,Otras semillas forrajeras ncop.p/siembra,"12092900,12099100,12092100"
1103,0.0001175715762223487,3463630.8001187514,1154543.6000395839,2,Grañones y sémola de maíz,"11031300,11031100"
8477,0.00011683007162105923,3441786.2501180023,1147262.0833726674,4,Máquinas extrusoras p/materiales termoplásticos c/diámetro de tornillo de hasta 300mm.,"84772010,84778090,84779000,84775100"
0810,0.00011603388837260839,3418330.880117198,1139443.6267057327,1,Otros frutos frescos ncop.,08109090
6810,0.00011379019994078122,3352232.350114931,1117410.7833716436,4,"Tejas,baldosas y losas de cemento,hormigón o piedra artificial","68101900,68109100,68109900,68101100"
3921,0.00011359870145680355,3346590.8501147376,1115530.2833715794,5,"Placas,láminas,hojas y tiras de resina va melamina-formaldehído estratificada","39219011,39219019,39211900,39211390,39211200"
2007,0.0001129048072177657,3326148.8901140383,1108716.2967046793,3,Jaleas y mermeladas,"20079910,20079990,20079100"
8434,0.00010439518723526881,3075457.5001054425,1025152.5000351474,3,"Máquinas y aparatos p/la industria lechera,ncop.","84342090,84349000,84342010"
7007,0.00010272549051745,3026268.6301037557,1008756.2100345853,4,"Vidrio de seguridad contrachapado p/automóviles,barcos,aeronaves u otros vehículos","70072100,70071100,70071900,70072900"
8483,9.435656922167888e-05,2779722.190095303,926574.063365101,16,Engranajes y ruedas de fricción y otros órganos de transmisión ncop.,"84834090,84834010,84832000,84833029,84839000"
7320,9.243871877842483e-05,2723222.7700933665,907740.9233644555,4,Ballestas y sus hojas de hierro o acero,"73201000,73202010,73209000,73202090"
3926,8.338650210679709e-05,2456546.610084223,818848.8700280744,9," Manufacturas de plástico, y manufacturas de polímeros de etileno y de polímeros naturales n.c.o.p.","39269090,39263000,39269069,39269022,39269010"
8515,8.245465008305468e-05,2429094.4700832823,809698.1566944275,1,"Máquinas y aparatos p/soldar metal por resistencia,total o parcialmente automáticos",85152100
3925,7.710241222961512e-05,2271418.8100778763,757139.6033592921,3,"Artículos p/la construcción de plástico,ncop.","39259090,39251000,39259010"
0909,7.705581918714814e-05,2270046.190077829,756682.0633592763,3,Semillas de cilantro s/triturar ni  pulverizar,"09092100,09092200,09093200"
1102,7.146125352067342e-05,2105231.6100721783,701743.8700240594,2,Harina de maíz,"11022000,11029000"
2529,7.125863783940998e-05,2099262.600071973,699754.200023991,2,Espato flúor c/fluoruro de calcio <= a 97 %,"25292100,25292200"
9403,6.642356673550073e-05,1956822.5500670902,652274.1833556967,14,"Muebles de madera excluido los utilizados en oficinas,cocinas y dormitorios","94036000,94032090,94039900,94032000,94033000"
9401,6.427771242324566e-05,1893606.1900649227,631202.0633549743,11,"Partes de asientos (excepto los de la partida 94.02), n.c.o.p.","94019900,94019090,94018000,94012000,94016900"
3402,6.424258179468804e-05,1892571.250064887,630857.0833549624,7,Detergentes ncop.,"34029039,34029029,34029090,34025000,34022000"
8536,6.274693874991259e-05,1848509.9600633762,616169.9866877921,11,"Aparatos interruptores,seccionadores y conmutadores,p/una tensión <= a 1000 voltios,ncop.","85365090,85364100,85369090,85361000,85366990"
1008,5.644719260298585e-05,1662920.9300570132,554306.9766856711,8,Mijo excluido mijo perla y p/siembra,"10082990,10089090,10083090,10089010,10082190"
2005,5.568035005197289e-05,1640329.930056239,546776.6433520797,2," Aceitunas preparadas o conservadas sin vinagre o ácido acético, sin congelar","20057000,20052000"
4823,5.4875710523750966e-05,1616625.440055426,538875.146685142,3,"Papeles,cartones,guata y napas de fibras de celulosa cortados en formato,artículos de pasta de papel,papel,cartón,gata de celulosa o napas de fibras de celulosa,ncop.","48239099,48236900,48237000"
2808,5.4058438511116704e-05,1592548.800054601,530849.6000182003,1,Ácido nítrico,28080010
1208,5.345789023609803e-05,1574856.7900539944,524952.2633513315,2,Harina de porotos de soja,"12081000,12089000"
1205,5.3059928789429286e-05,1563132.940053592,521044.3133511974,2,Semillas de nabo o colza c/bajo contenido de ácido erúcico excluido p/siembra,"12051090,12059090"
1902,5.249168797024603e-05,1546392.7000530185,515464.2333510061,4,"Pastas alimenticias rellenas,incluso cocidas","19022000,19021900,19023000,19021100"
8412,5.10586601605144e-05,1504176.0400515709,501392.01335052366,7,Motores hidráulicos excluidos c/movimiento rectilíneo,"84122900,84122110,84122190,84123110,84129090"
1521,5.0371931287953996e-05,1483945.1700508767,494648.39001695893,2, Cera de abeja en bruto,"15219011,15219019"
3602,4.998981110912232e-05,1472688.0000504912,490896.0000168304,1,Explosivos preparados excluidas pólvoras,36020000
4811,4.9831386550140425e-05,1468020.8500503313,489340.28335011046,7,"Papel y cartón recubiertos,impregnados o revestidos de cera,parafina,estearina,aceite o glicerol","48116090,48115929,48119090,48114190,48115930"
4016,4.826301413608629e-05,1421816.970048747,473938.99001624907,4,Juntas o empaquetaduras de caucho vulcanizado s/endurecer,"40169300,40169990,40161010,40169100"
7318,4.812595193479681e-05,1417779.1500486094,472593.0500162031,11,"Tornillos,pernos,incluidos c/tuercas y arandelas,roscados,de fundición,hierro o acero,ncop.","73181500,73182200,73181600,73182900,73182400"
8437,4.749982436391952e-05,1399333.5800479762,466444.52668265876,4,"Máquinas p/limpieza,clasificación o cribado de semillas,granos u hortalizas de vainas secas","84371000,84379000,84378090,84378010"
2006,4.6986055469258724e-05,1384198.0700474575,461399.35668248584,1,"Hortalizas,frutas y partes,confitadas c/azúcar",20060000
8209,4.3727047268906376e-05,1288188.460044166,429396.1533480553,2,"Plaquitas,pastillas de cermet,excluidas intercambiables","82090019,82090011"
8436,4.0969390348146364e-05,1206948.5400413803,402316.18001379346,4,"Máquinas y aparatos p/agricultura,horticultura,silvicultura,avicultura o apicultura,ncop.","84368000,84361000,84369900,84369100"
2915,4.065967638596241e-05,1197824.440041067,399274.81334702234,1,Ácido acético,29152100
9504,4.0165906973139766e-05,1183278.1100405685,394426.03668018954,3," Juegos activados con monedas, billetes de banco, tarjetas bancarias, fichas o cualquier otro medio de pago, excluido juegos de bolos automáticos y billares","95043000,95044000,95049090"
8208,3.9094936044545994e-05,1151727.5600394872,383909.186679829,4,"Cuchillas y hojas cortantes,de metal común,p/máquinas agrícolas,hortícolas o forestales","82084000,82089000,82081000,82083000"
8101,3.799694487164998e-05,1119381.0000383782,373127.0000127927,1,Polvo de volframio,81011000
4805,3.6606839674345e-05,1078428.830036974,359476.27667899133,4,"Papel y cartón ""Testliner""(de fibras recicladas),en bobinas u hojas,de peso > a 150 g/cm2.","48052500,48051900,48052400,48059100"
2209,3.630618179308641e-05,1069571.5200366701,356523.8400122234,1,Vinagre y sucedáneos del vinagre obtenidos a partir de ácido acético,22090000
5201,3.531392500691855e-05,1040339.8700356679,346779.956678556,1," Algodón sin cardar ni peinar, simplemente desmotado",52010020
0505,3.379185337229018e-05,995500.0000341309,331833.3333447103,1,"Pieles y plumas de aves,excluidas las utilizadas p/relleno",05059000
9029,3.3337074089510266e-05,982102.3100336716,327367.4366778905,2,"Partes y accesorios de cuentarrevoluciones,contadores de producción,taxímetros,cuentakilómetros,contadores similares y estroboscopios excluido velocímetros y tacómetros","90299090,90292010"
8407,3.2855544082584606e-05,967916.5500331852,322638.8500110617,1," Motores de émbolo (pistón) alternativo, de cilindrada > a 1.000 cm3, de los tipos utilizados para la propulsión de vehículos terrestres, excluidos monocilíndricos",84073490
9506,3.273284893497648e-05,964301.980033061,321433.9933443536,5,"Artículos p/deporte o juegos al aire libre ncop.,piscinas incluso infantiles","95069900,95069100,95066900,95064000,95066200"
3504,2.9637369204277124e-05,873109.8800299348,291036.62667664496,1,Peptonas y peptonatos,35040011
1904,2.8710143830072257e-05,845794.0400289982,281931.3466763327,4,"Productos a base de cereales,inflados o tostados","19041000,19049000,19043000,19042000"
9026,2.8324649897039998e-05,834437.4800286088,278145.82667620294,9,"Instrumentos p/medir o controlar el caudal de líquidos,ncop.","90261019,90269090,90262090,90269020,90261029"
2849,2.799646463909406e-05,824769.2200282773,274923.0733427591,1,Carburo de volframio,28499030
0203,2.7366134047338288e-05,806199.8300276406,268733.2766758802,2,"Carne porcina,congelada,ncop.","02032900,02032200"
8302,2.715141405970217e-05,799874.2300274238,266624.7433424746,8,"Guarniciones,herrajes y artículos similares,p/vehículos automóviles,de metal común","83023000,83026000,83021000,83025000,83024100"
4101,2.6984017941859096e-05,794942.7800272547,264980.9266757516,2," Cueros y pieles en bruto, de bovino, de equino (frescos o salados, secos, encalados, piquelados o conservados de otro modo, sin curtir, apergaminar ni preparar de otra forma), enteros, de peso unitario > a 16 kg sin dividir","41015010,41012000"
8538,2.6429051499551535e-05,778593.6000266942,259531.2000088981,3,"Circuitos impresos c/componentes eléctricos o electrónicos p/aparatos de corte,seccionamiento,protección,empalme,conexión,control o distribución electricidad","85389010,85389090,85381000"
0811,2.584437741863587e-05,761369.2400261036,253789.74667536785,1,Frutas ncop.congeladas,08119000
7604,2.5496393291461953e-05,751117.7100257522,250372.57000858407,4,Perfiles huecos de aleaciones de aluminio,"76042100,76042920,76041021,76041029"
8113,2.5461042362423776e-05,750076.2800257164,250025.42667523882,2,"Otras manufacturas ncop.,desperdicios y desechos de cermets","81130090,81130010"
8608,2.5256774257833228e-05,744058.5900255103,248019.53000850344,2,"Aparatos electromecánicos de señalización,seguridad,control o mando p/vías férreas,fluviales,carreteras,áreas de estacionamiento,puertos o aeropuertos","86080012,86080090"
0910,2.3699910761796043e-05,698193.7600239377,232731.25334131258,3,Otras especias ncop.,"09109900,09109100,09102000"
2827,2.3686449010705753e-05,697797.1800239241,232599.0600079747,1,Hidroxicloruros de aluminio,28274921
9032,2.319642843995888e-05,683361.2900234292,227787.09667447637,12,Reguladores de voltaje electrónicos,"90328911,90328919,90328929,90328925,90329010"
3808,2.265939119808598e-05,667540.3000228866,222513.43334096222,5,"Insecticidas ncop.,acondicionados p/la venta por menor","38089199,38089429,38089419,38089299,38089219"
4006,2.1830163556444924e-05,643111.450022049,214370.48334068301,1,Formas y artículos de caucho s/vulcanizar ncop.,40069000
8438,2.182986144946852e-05,643102.5500220489,214367.51667401628,8,Máquinas y aparatos p/la preparación de carne,"84385000,84381000,84384000,84389000,84382019"
6117,2.1090097866922868e-05,621309.2900213017,207103.09667376723,3,"Accesorios de vestir,de punto, no expresados ni comprendidos en otra parte","61178090,61179000,61171000"
2921,2.0511026682358418e-05,604249.9900207167,201416.66334023888,2,Diaminotoluenos(toluilendiaminas),"29215112,29212200"
4106,2.0404440964959666e-05,601110.0000206091,200370.00000686973,3,"Cueros y pieles de reptil ,secos","41064000,41069100,41069200"
7307,2.0394368922033878e-05,600813.2800205991,200271.0933401997,11,"Accesorios de tuberías excluidos moldeados,de fundición,hierro o acero,ncop.","73079900,73079100,73079200,73071920,73072900"
8430,1.9748787019660154e-05,581794.5900199469,193931.530006649,3,"Equipamientos frontales p/palas excavadoras cargadoras o cargadoras,s/propulsión,ncop.","84306990,84304910,84306100"
8201,1.8883095405412783e-05,556291.5200190725,185430.50667302415,4,"Azadas,picos,binaderas,rastrillos y raederas,de metal común","82013000,82019000,82014000,82011000"
1509,1.8817631878639713e-05,554362.9800190065,184787.66000633547,3,Aceite de oliva virgen extra,"15092000,15091000,15093000"
7616,1.8579972467005132e-05,547361.5900187662,182453.86333958877,2,"Otras manufacturas de aluminio,ncop.","76169900,76161000"
9027,1.8574387900740136e-05,547197.0700187607,182399.0233395869,6,"Instrumentos y aparatos para ensayos de viscosidad, porosidad, dilatación, tensión superficial o similares o para medidas calorimétricas, acústicas o fotométricas  n.c.o.p.","90278999,90278099,90278914,90278014,90271000"
8482,1.8249019026595608e-05,537611.7800184322,179203.9266728107,13,Rodamientos de bolas radiales,"84821010,84821090,84822010,84822090,84829990"
8537,1.7552920085522024e-05,517104.87001772906,172368.2900059097,2,"Cuadros,paneles,consolas,armarios y otros soportes,equipados c/aparatos de las partidas 8535 u 8536,p/control o distribución de electricidad,p/una tensión <= a 1000 voltios,ncop.","85371090,85371020"
1204,1.7466159374696398e-05,514548.92001764127,171516.3066725471,1,Semilla de lino excluida p/siembra,12040090
8466,1.6094661930461868e-05,474144.9300162561,158048.3100054187,8,"Partes y accesorios de máquinas p/trabajar madera,corcho,hueso,caucho,materias plásticas o similares","84669200,84669330,84662010,84669410,84662090"
9405,1.5957528784949817e-05,470105.02001611766,156701.6733387059,13,"Otras lámparas y demás luminarias, eléctricas,  diseñadas para ser utilizadas únicamente con fuentes luminosas de diodos emisores de luz (LED)","94051190,94051099,94051093,94056100,94051990"
9404,1.5787795581115093e-05,465104.72001594614,155034.90667198203,5,"Colchones de caucho o plástico celulares,recubiertos o no","94042100,94041000,94049000,94044000,94042900"
8205,1.5652216759024353e-05,461110.6000158092,153703.53333860307,4,"Tornillos de banco,prensas de carpintero y similares,de metal común","82057000,82055900,82055100,82054000"
6305,1.5610595582718544e-05,459884.4500157672,153294.8166719224,4,"Continentes intermedios flexibles p/productos a granel,de materias textiles sintéticas o artificiales","63053200,63053390,63053900,63059000"
7226,1.5523418371600734e-05,457316.2300156792,152438.74333855973,2,"Productos laminados planos de acero magnético al silicio de grano orientado,ancho < a 600mm.","72261100,72269100"
8459,1.5167362896466131e-05,446826.9200153195,148942.30667177317,2,"Máquinas de roscar metal,incluso aterrajar","84597000,84592900"
6907,1.5046067963776757e-05,443253.60001519707,147751.20000506568,2,"Placas y baldosas de cerámica, para pavimentación o revestimiento, excepto las de las subpartidas 6907.30 y 6907.40, con un coeficiente de absorción de agua > al 10%, en peso","69072300,69072100"
8443,1.4986212764491548e-05,441490.28001513664,147163.42667171222,6,Partes y accesorios ncop.de máquinas y aparatos p/imprimir,"84439199,84431600,84433299,84439942,84439990"
6809,1.4734276931268505e-05,434068.31001488207,144689.43667162734,3,"Placas,paneles,artículos similares s/adornos excluidos revestidos o reforzados c/papel o cartón","68091900,68099000,68091100"
3924,1.4504958727197141e-05,427312.6500146505,142437.5500048835,2,"Vajilla y otros artículos p/servicio de mesa o cocina,de plástico","39241000,39249000"
4421,1.340064639012735e-05,394779.870013535,131593.29000451168,2,Ataúdes de madera,"44212000,44219900"
8414,1.3305585205263433e-05,391979.3900134391,130659.79667114637,13,Ventiladores ncop.,"84145990,84149020,84143091,84149039,84148019"
4822,1.2194360389016614e-05,359242.9700123167,119747.65667077224,1,"Carretes,bobinas,canillas y soportes similares de papel o cartón,ncop.",48229000
2520,1.1367029571852144e-05,334870.000011481,111623.33333716034,1,Yeso natural excluido en trozos irregulares,25201019
1106,1.1243049281533158e-05,331217.57001135586,110405.85667045195,1,Harina y sémola de legumbres secas desvainadas,11061000
2836,1.0779481061862084e-05,317560.96001088765,105853.65333696254,2,Hidrogenocarbonato(bicarbonato)de sodio,"28363000,28365000"
2501,1.0598204316514243e-05,312220.59001070453,104073.53000356819,2,Sal de mesa,"25010020,25010090"
3904,1.0351238991668203e-05,304945.0500104551,101648.35000348503,1,"Policloruros de vinilo ncop.,s/plastificar",39042100
9603,1.0317782510984329e-05,303959.43001042126,101319.81000347376,3,Artículos de cepillería ncop.,"96039000,96035000,96034010"
9406,1.015647300010076e-05,299207.2900102584,99735.7633367528,2,Construcciones prefabricadas con estructura de hierro o acero y paredes exteriores constituidas esencialmente por estas materias,"94069020,94061090"
4202,1.0131029822104576e-05,298457.74001023266,99485.91333674423,9,"Artículos de plástico o materias textiles excluidos baúles,bolsos de mano,artículos de bolsillo o similares","42029200,42029100,42023100,42022900,42029900"
8507,9.877492482460536e-06,290988.5900099766,96996.19666999219,7, Acumuladores eléctricos de ión de litio,"85076000,85071090,85079090,85072010,85071010"
7308,9.695979482668222e-06,285641.2600097933,95213.75333659774,4,"Torres y castilletes,de fundición,hierro o acero","73082000,73089090,73089010,73083000"
3003,9.529657372098577e-06,280741.45000962523,93580.48333654174,1,"Medicamentos ncop.,s/acondicionar p/la venta por menor",30039099
3105,9.237383468604357e-06,272131.13000933005,90710.37666977668,4,"Abonos minerales o químicos c/nitrógeno, fósforo y potasio","31052000,31059090,31051000,31055900"
2518,8.80860812868021e-06,259499.51000889696,86499.83666963232,3,"Dolomita s/calcinar ni sinterizar,llamada ""cruda""","25181000,25182000,25183000"
9402,8.786684327236149e-06,258853.64000887482,86284.54666962494,3,"Mobiliario p/medicina,cirugía,odontología o veterinaria,ncop.,sus partes","94029090,94021000,94029020"
8467,8.697817353726701e-06,256235.64000878506,85411.88000292836,6,"Grapadoras,clavadoras y otras herramientas neumáticas de uso manual excluidas rotativas","84671900,84679200,84671190,84679900,84678100"
8802,8.350372606311787e-06,246000.00000843414,82000.00000281139,1,"Vehículos espaciales(incluidos satélites),sus vehículos de lanzamiento y vehículos suborbitales",88026000
8425,8.316921556764567e-06,245014.54000840036,81671.51333613346,8,"Elevadores fijos p/vehículos,utilizados en talleres","84254100,84253910,84253110,84251100,84251910"
8442,8.169129805568035e-06,240660.63000825112,80220.21000275038,1,"Caracteres de imprenta,clisés,planchas cilindros y otros elementos impresores,planchas,placas y similares",84425000
2530,7.869034046953193e-06,231819.88000794797,77273.29333598266,2,Espodumeno,"25309010,25309090"
8705,7.785158966921325e-06,229348.9400078633,76449.64666928777,1,"Camiones o coches p/usos especiales,ncop.",87059090
7306,7.62068615838254e-06,224503.61000769713,74834.53666923239,7,"Tubos y perfiles huecos ncop.,de hierro o acero","73069090,73063000,73065000,73069010,73069020"
8714,7.525140584018247e-06,221688.86000760063,73896.28666920021,1,Partes y accesorios de motocicletas (incluidos los ciclomotores),87141000
0904,7.455940095780827e-06,219650.23000753074,73216.74333584358,1,"Frutos de los géneros Capsicum o Pimenta,secos,s/triturados o pulverizados",09042200
8706,6.970687384124535e-06,205354.8000070406,68451.60000234687,1,"Chasis c/motor incorporado,de vehículos automóviles p/transporte de 10 o más personas",87060010
3001,6.900450567124224e-06,203285.64000696962,67761.8800023232,1,"Sustancias humanas o animales preparadas p/usos terapéuticos o profilácticos,ncop.",30019090
9503,6.8338498961141125e-06,201323.60000690242,67107.86666896747,3,"Juguetes que representen animales o seres no humanos,excluido rellenos","95030039,95030099,95030070"
4008,6.6622249594934195e-06,196267.57000672907,65422.523335576356,3,"Varillas y perfiles de caucho no celular,vulcanizado,s/endurecer","40082900,40082100,40081100"
4818,6.32434885652563e-06,186313.82000638777,62104.606668795925,1,Manteles y servilletas de papel,48183000
9604,6.290266097896283e-06,185309.75000635337,61769.916668784455,1,"Tamices,cedazos y cribas,de mano",96040000
2701,6.174956617246222e-06,181912.76000623693,60637.586668745644,1," Hulla bituminosa, sin aglomerar",27011200
8415,6.160769469966515e-06,181494.8100062226,60498.2700020742,3," Partes de máquinas y aparatos para acondicionamiento de aire, n.c.o.p.","84159090,84158290,84152010"
7217,5.971205488975968e-06,175910.3000060311,58636.76666867703,3,"Alambre de hierro,acero s/alear,cincado,ncop.","72172090,72171090,72179000"
6802,5.86652949500336e-06,172826.57000592537,57608.85666864179,2,Granito excluido plano o liso,"68029390,68029200"
3403,5.83103871419633e-06,171781.02000588953,57260.34000196317,1,"Preparaciones lubricantes ncop.,que no contengan aceites de petróleo ni minerales bituminosos",34039900
8903,5.768462515447209e-06,169937.54000582633,56645.84666860878,2,"Yates y demás barcos y embarcaciones de recreo o deporte; botes de remo y canoas; de longitud inferior o igual a 7,5 m n.c.o.p.","89039300,89039900"
4107,5.561499209291853e-06,163840.45000561728,54613.48333520576,2,"Cueros y pieles de bovino excluido enteros,preparados después del curtido o secado,o apergaminados,depilados,divididos c/la flor","41079210,41079990"
3214,5.536866967887396e-06,163114.7900055924,54371.5966685308,3,Plastes(enduidos)no refractarios utilizados en albañilería,"32149000,32141020,32141010"
3209,5.456519411112631e-06,160747.7700055112,53582.59000183707,1,"Pinturas a base de polímeros acrílicos o vinílicos,disueltas en medio acuoso",32091010
3005,5.343811784366122e-06,157427.4300053974,52475.81000179913,2,Apósitos reabsorbibles ncop.,"30059019,30059090"
4821,5.321376777184458e-06,156766.50000537475,52255.50000179157,2,"Etiquetas de todas clases,s/imprimir,de papel o  cartón","48219000,48211000"
8480,5.156968463393447e-06,151923.0700052087,50641.02333506957,5,"Moldes p/metales o carburos metálicos excluidas las lingoteras,p/el moldeo por inyección o compresión","84804100,84807990,84806000,84807100,84804990"
2909,5.041928163453825e-06,148534.0100050925,49511.33666836417,1,Éter dietílico(óxido de dietilo),29091100
7008,4.966286007698113e-06,146305.6100050161,48768.5366683387,1,Vidrieras aislantes de paredes múltiples,70080000
2904,4.646812632392055e-06,136894.00000469343,45631.33333489781,1,Ácido dodecilbencenosulfónico y sus sales,29041020
3302,4.178112328028512e-06,123086.20000422002,41028.73333474001,3,Mezclas de sustancias odoríficas utilizadas como materias básicas en las industrias alimentarias o de bebidas,"33021000,33029099,33029019"
0204,4.022460703754778e-06,118500.74000406281,39500.24666802094,1,Carne de animales de la especie caprina,02045000
8511,3.908299229615064e-06,115137.57000394749,38379.19000131583,7,"Dispositivos electrónicos de encendido,numéricos(digitales)utilizados en motores","85118030,85111000,85115010,85114000,85113020"
3301,3.7267780831177688e-06,109790.00000376417,36596.66666792139,2,Subproductos terpénicos de aceites esenciales,"33019020,33012990"
8526,3.586153735074987e-06,105647.24000362214,35215.746667874046,3,Aparatos de radionavegación,"85269100,85269200,85261000"
2715,3.517255014367933e-06,103617.50000355254,34539.16666785085,1,"Mezclas bituminosas a base de asfalto,betún natural o de petróleo,alquitrán o brea",27150000
2103,3.4784607446907966e-06,102474.63000351336,34158.210001171115,6,"Preparaciones p/salsas y salsas preparadas ncop.,en envases <= a 1kg.","21039091,21039021,21039099,21032010,21031010"
5704,3.4766151765663854e-06,102420.26000351149,34140.08666783716,1,"Alfombras y revestimientos p/suelos de fieltro,no expresado ni comprendido en otra parte",57049000
5603,3.4692359590831086e-06,102202.87000350404,34067.623334501346,3,"Telas s/tejer de peso > a 25 g/m2 y <= a 70 g/m2, de polipropileno","56031240,56031290,56039320"
8609,3.4387934197964477e-06,101306.04000347329,33768.680001157765,1,"Contenedores,especialmente concebidos y equipados p/varios medios de transporte",86090000
8530,3.346775029243219e-06,98595.20000338035,32865.06666779345,1,"Aparatos eléctricos de señalización,seguridad,control o mando,digitales,p/control de tráfico de automotores",85308010
2517,3.2639094617370065e-06,96154.00000329665,32051.33333443222,3,"Gránulos,tasquiles y polvo de mármol","25174100,25173000,25171000"
4418,3.2077365731035547e-06,94499.16000323991,31499.720001079968,3,"Puertas y sus marcos, contramarcos y umbrales, de maderas no tropicales","44182900,44182000,44187900"
3102,3.1732841577356598e-06,93484.20000320511,31161.400001068374,2,Abonos minerales o químicos nitrogenados ncop.,"31029000,31022100"
4203,3.16109465040669e-06,93125.10000319281,31041.70000106427,2,"Cintos,cinturones y bandoleras de cuero","42033000,42032900"
1506,3.084187379256518e-06,90859.43000311514,30286.476667705047,1,Grasas y aceites animales incluso refinados ncop.,15060000
3006,3.0550462760906936e-06,90000.94000308568,30000.313334361894,5,"Catguts,adhesivos,laminarias y hemostáticos reabsorbibles,estériles,p/cirugía u odontología","30061090,30063029,30069110,30064012,30067000"
7304,3.0456941982176653e-06,89725.43000307624,29908.476667692077,10,"Tubos s/costura ncop.de hierro o acero s/alear,sección circular,s/revestir,diámetro <= a 229mm.","73043910,73043110,73043190,73045119,73049011"
6109,3.008703744801909e-06,88635.70000303889,29545.233334346296,2,"T-shirts y camisetas interiores de punto,de materia textil excluido algodón","61099000,61091000"
6114,3.0071962649342415e-06,88591.29000303739,29530.43000101246,2,"Prendas de vestir no expresada ni comprendida en otra parte de punto,de fibras sintéticas o artificiales","61143000,61142000"
2403,2.862222594769318e-06,84320.40000289092,28106.80000096364,1,Tabaco p/fumar incluso c/sucedáneos del tabaco ncop.,24031900
7321,2.8298574331069602e-06,83366.93000285824,27788.976667619412,4,"Estufas,parrillas y artículos similares de fundición,hierro o acero,de combustibles ncop.","73218900,73211900,73219000,73211100"
4114,2.7994546090070855e-06,82471.27000282753,27490.42333427584,1,Cueros y pieles agamuzados,41141000
3916,2.793620549902018e-06,82299.40000282165,27433.133334273884,3,Monofilamentos de otros plásticos ncop.,"39169010,39169090,39162000"
9705,2.7492074299097473e-06,80991.00000277678,26997.000000925593,3,"Colecciones y piezas de colección que tengan un interés arqueológico, etnográfico o histórico","97051000,97050000,97052200"
4011,2.726608809736365e-06,80325.25000275395,26775.083334251318,3," Neumáticos nuevos de caucho, de los tipos utilizados en automóviles de turismo","40111000,40117090,40119090"
0101,2.6816237231651677e-06,79000.00000270853,26333.333334236177,2,"Caballos,reproductores de raza pura","01012100,01012900"
6104,2.6230787855978582e-06,77275.2800026494,25758.4266675498,13,"Pantalones largos,cortos,c/peto y shorts de punto, de fibras sintéticas,p/mujeres o niñas","61046300,61046200,61045300,61043900,61043300"
0102,2.5826073130326e-06,76083.0000026085,25361.0000008695,2,"Reproductores bovinos domésticos,de raza pura excluidos preñadas o c/cría al pie","01022190,01022110"
3505,2.5704551447681303e-06,75725.00000259624,25241.666667532078,1,Dextrina y otros almidones y féculas modificados,35051000
3208,2.5604136519860198e-06,75429.1800025861,25143.06000086203,3,"Pinturas a base de poliésteres,disueltas en un medio no acuoso","32081010,32081020,32089010"
3907,2.544188470676707e-06,74951.19000256971,24983.730000856573,5,"Resinas alcídicas en líquido,pastas,dispersiones o disoluciones","39075010,39074090,39079999,39079100,39079911"
2941,2.5289476828860244e-06,74502.20000255431,24834.066667518102,2,"Polienos y sus sales,ncop.","29419069,29411020"
6303,2.4670103215858905e-06,72677.54000249175,24225.846667497248,2,"Visillos,cortinas,guardamalletas y rodapiés de cama,de fibras sintético excluidos de punto","63039200,63039900"
7324,2.4129026226653175e-06,71083.5400024371,23694.513334145704,2,"Artículos de higiene o tocador ncop.,partes,de fundición,hierro o acero","73249000,73241000"
4901,2.1779686232931856e-06,64162.44000219982,21387.480000733274,2,"Libros,folletos e impresos similares,excluidos diccionarios,enciclopedias y en hojas sueltas","49019900,49011000"
3801,2.175084010837558e-06,64077.46000219691,21359.153334065635,2,Grafito artificial,"38011000,38012090"
2806,2.143187624157692e-06,63137.80000216468,21045.933334054895,1,Cloruro de hidrógeno(ácido clorhídrico)en disolución acuosa,28061020
0714,2.1250985446377595e-06,62604.90000214642,20868.300000715473,1,Batatas,07142000
8471,2.0025663311292793e-06,58995.130002022655,19665.043334007554,4,"Máquinas automáticas p/tratamiento o procesamiento de datos y sus unidades,ncop.","84719090,84715010,84716059,84714110"
3918,1.9648980039698312e-06,57885.43000198461,19295.14333399487,2,"Revestimientos p/suelos,paredes o techos de plásticos excluidos polímeros de cloruro de vinilo","39189000,39181000"
7507,1.9215938541932047e-06,56609.70000194087,18869.900000646958,2, Tubos de aleaciones de níquel,"75071200,75072000"
8516,1.8847065923738839e-06,55523.01000190362,18507.670000634538,3,Resistencias calentadoras excluidas las de la partida 8545 y p/aparatos electrotérmicos de la partida 8516,"85168090,85162900,85166000"
4804,1.8747998596700133e-06,55231.16000189361,18410.38666729787,3,"Papel y cartón Kraft crudo,p/cubiertas","48041100,48043190,48042900"
2714,1.8352489647676954e-06,54066.00000185366,18022.000000617885,1,"Betunes y asfaltos naturales,asfaltitas y rocas asfálticas",27149000
3815,1.793290039651183e-06,52829.90000181128,17609.966667270426,1,"Catalizadores en colmena cerámica o metálica,c/metales preciosos o sus compuestos como sustancia activa p/conversión catalítica de gases de escape de vehículos",38151210
8429,1.7719083335344524e-06,52200.00000178969,17400.000000596563,1,"Cargadoras y palas cargadoras de carga frontal,ncop.",84295199
5406,1.7155742080315704e-06,50540.41000173279,16846.803333910928,1,Hilados de filamentos sintéticos acondicionados p/la venta por menor,54060010
7009,1.688695852174433e-06,49748.580001705646,16582.860000568548,1,Espejos retrovisores p/vehículos,70091000
7317,1.673144131810279e-06,49290.43000168992,16430.14333389664,1,"Puntas,clavos,chinches,grapas apuntadas,onduladas,biseladas,artículos similares de fundición,hierro o acero",73170090
2506,1.669331134432771e-06,49178.10000168608,16392.700000562025,1,Cuarzo,25061000
2208,1.6626800287072394e-06,48982.16000167935,16327.386667226452,2,Bebidas espirituosas ncop.,"22089000,22085000"
0510,1.6476235601167697e-06,48538.600001664156,16179.533333888052,1,"Ámbar gris,castóreo,algalia y almizcle,cantáridas,bilis y sustancias animales ncop.,p/uso farmacéutico",05100090
9508,1.580048000077171e-06,46547.840001595905,15515.946667198634,3,,"95089090,95084000,95082900"
2842,1.5659596315953673e-06,46132.800001581665,15377.600000527222,2,Silicatos dobles o complejos ncop.,"28421090,28421010"
2925,1.5287281714905668e-06,45035.97000154407,15011.99000051469,2,Derivados y sales de guanidina ncop.,"29252929,29252919"
4410,1.474637444872039e-06,43442.47000148943,14480.82333382981,3,"Tableros de madera llamados ""oriented strand board"" excluido en bruto o simplemente lijados","44101290,44101999,44101992"
4911,1.4459294748544127e-06,42596.740001460435,14198.913333820145,4,"Otros impresos,ncop.","49119900,49111090,49111010,49119100"
6112,1.439108646108428e-06,42395.80000145355,14131.93333381785,2,"Bañadores de punto,de fibras sintéticas,p/mujeres o niñas","61124100,61123100"
5911,1.4109729821157705e-06,41566.93000142512,13855.643333808373,1,"Productos y artículos textiles p/usos técnicos citados en la nota 7 del capítulo 59, ncop.",59119000
5910,1.4092261927892633e-06,41515.47000142336,13838.490000474454,1,"Correas transportadoras o transmisión,de materia textil",59100000
0401,1.408351100895805e-06,41489.69000142248,13829.896667140827,1,"Leche UHT,c/contenido de materias grasas > al 1%,<= al 6%",04012010
3905,1.3440012965829457e-06,39593.96000135748,13197.986667119161,2,Copolímeros de acetato de vinilo en dispersión acuosa,"39052100,39051200"
1004,1.3330117310085818e-06,39270.21000134638,13090.070000448792,2,"Avena,excluido p/siembra","10049000,10041000"
8465,1.3306284803553741e-06,39200.00000134398,13066.66666711466,1,"Máquinas herramienta ncop.p/trabajar madera,corcho,hueso,caucho,materias plásticas o similares",84659900
8484,1.310637484668239e-06,38611.07000132378,12870.356667107928,3,Juntas metaloplásticas,"84841000,84849000,84842000"
8473,1.2580209722053705e-06,37061.00000127064,12353.666667090214,2,Partes y accesorios de máquinas de la partida 84.71 n.c.o.p.,"84733090,84733049"
7412,1.2477737751224704e-06,36759.12000126029,12253.040000420098,1,Accesorios de tubería de aleaciones de cobre,74122000
8543,1.2298187767886954e-06,36230.17000124215,12076.723333747384,3, Máquinas y aparatos eléctricos con función propia n.c.o.p.,"85437099,85439010,85432000"
0802,1.221916472956381e-06,35997.37000123417,11999.123333744725,2,Nueces de nogal c/cáscara,"08023100,08029900"
7315,1.1919108007243673e-06,35113.41000120387,11704.47000040129,8,"Cadenas de rodillos de fundición,hierro o acero","73151100,73151900,73151190,73151290,73158900"
0806,1.1654197527999044e-06,34332.99000117711,11444.33000039237,1,Uvas secas incluidas las pasas,08062000
7610,1.1591060564390345e-06,34146.990001170736,11382.330000390244,2,"Puertas,ventanas y sus marcos,bastidores y umbrales,de aluminio","76101000,76109000"
1108,1.1322738652434602e-06,33356.52000114363,11118.840000381211,1,Almidón de maíz,11081200
4302,1.1269608558111841e-06,33200.000001138265,11066.666667046089,1,"Pieles curtidas o adobadas de animales ncop.,enteras incluso s/cabeza,cola o patas,s/ensamblar",43021990
1302,1.1207489932625866e-06,33017.000001132,11005.666667044,1,Jugos y extractos vegetales ncop.,13021999
8311,1.0509008419791156e-06,30959.290001061443,10319.763333687148,2,"Alambres,varillas,electrodos y similares,de metal común,p/soldaduras o depósito de metal,ncop.","83119000,83111000"
9028,1.0265557719252668e-06,30242.090001036857,10080.696667012286,5,Contadores de líquidos de peso <= a 50 kg.,"90282010,90283090,90283011,90283031,90289010"
2308,9.979713602665304e-07,29400.00000100798,9800.000000335993,1,"Materias y desperdicios vegetales ncop.,utilizados p/alimentación de animales",23080000
9701,9.802403963197545e-07,28877.650000990077,9625.883333663358,2,,"97011000,97019100"
4908,9.662297609813183e-07,28464.90000097592,9488.300000325306,2,Calcomanías excluidas vitrificables,"49089000,49081000"
4005,9.431817142497754e-07,27785.910000952645,9261.970000317548,2,"Caucho mezclado s/vulcanizar ncop.,en placas,hojas o tiras","40059190,40051090"
9015,9.190331834536117e-07,27074.500000928252,9024.833333642751,1,"Instrumentos y aparatos de geodesia,topografía,agrimensura,hidrografía,meteorología,geofísica y similares,ncop.",90158090
6403,9.037071947066613e-07,26623.000000912773,8874.33333363759,2,"Calzado c/suela de caucho o plástico,c/parte superior de cuero natural,que cubra el tobillo,ncop.","64039190,64039990"
5101,9.016094181738562e-07,26561.200000910656,8853.733333636885,1,"Lana sucia,esquilada,s/cardar ni peinar,finura >= a 22,05 micrones y <= a 32,6 micrones",51011110
3506,9.013836865566532e-07,26554.55000091043,8851.516666970145,2,Colas y adhesivos preparados ncop.,"35069900,35069120"
2932,8.930146444180915e-07,26308.000000901975,8769.333333633991,1,Lactonas,29322000
2611,8.897559624253844e-07,26212.000000898683,8737.333333632894,1,Minerales de volframio y sus concentrados,26110000
9110,8.638222849000909e-07,25448.00000087249,8482.666666957497,1,"Mecanismos de relojería:completos o incompletos,s/o parcialmente montados,en blanco,ncop.",91109000
6307,8.494256994131439e-07,25023.880000857953,8341.293333619316,2,Artículos textiles confeccionados no expresados ni comprendidos en otra parte,"63079090,63079010"
3919,8.141793197555672e-07,23985.530000822346,7995.176666940782,6,"De polipropileno en placas, láminas, hojas, cintas, tiras y demás formas planas, autoadhesivas, de plástico, incluso en rollos.","39191010,39199020,39191020,39199090,39199010"
6217,8.019728401245521e-07,23625.930000810018,7875.310000270006,1,Accesorios de vestir no expresados ni comprendidos en otra parte excluidos de punto,62171000
6102,7.862211860423046e-07,23161.890000794112,7720.630000264704,2,"Abrigos,chaquetones o similares de punto,de algodón,p/mujeres o niñas","61022000,61023000"
4707,7.861529573880822e-07,23159.88000079404,7719.96000026468,1,"Desperdicios de papel o cartón Kraft crudos,papel o cartón corrugados p/reciclar",47071000
3902,7.844424887879519e-07,23109.490000792313,7703.1633335974375,1,"Polipropileno c/carga,en formas primarias",39021010
7222,7.773436537344642e-07,22900.360000785142,7633.453333595047,1,"Perfiles de acero inoxidable,de altura >= a 80mm.",72224010
2203,7.644073651154991e-07,22519.260000772076,7506.420000257359,1,Cerveza de malta,22030000
1404,7.489028277510316e-07,22062.500000756416,7354.166666918805,1,Productos vegetales ncop.,14049090
2525,7.477402250609252e-07,22028.25000075524,7342.750000251747,1,Mica en bruto o exfoliada en hojas o laminillas irregulares,25251000
3922,7.325849776725512e-07,21581.780000739935,7193.926666913312,2,Artículos sanitarios o higiénicos de plástico,"39229000,39221000"
8487,7.309627650430568e-07,21533.9900007383,7177.996666912767,1,Partes de máquinas o aparatos ncop.s/conexiones eléctricas,84879000
6106,7.074167509695029e-07,20840.33000071451,6946.776666904837,3,"Camisas y blusas de punto,de fibras sintéticas o artificiales p/mujeres o niñas","61062000,61061000,61069000"
6115,7.068322248870611e-07,20823.110000713925,6941.0366669046425,4,"Calzas,Panty-medias y leotardos de punto,de fibras sintéticas con título < a 67 decitex","61151011,61159500,61159600,61151014"
8534,7.044187635362125e-07,20752.010000711485,6917.336666903829,3,"Circuitos impresos,multicapas,c/aislante de resina epoxi y tejido de fibra de vidrio","85340051,85340019,85340033"
7019,6.999238190625221e-07,20619.590000706943,6873.196666902315,5,Manufacturas de fibra de vidrio n.c.o.p.,"70199000,70199090,70198000,70195900,70193100"
8405,6.953586092583641e-07,20485.100000702336,6828.366666900779,1,"Generadores de gas pobre o gas de agua,generadores de acetileno y similares de gases,por vía húmeda",84051000
8215,6.838025082417268e-07,20144.660000690663,6714.8866668968885,3,"Cubiertos,palas p/tortas,pinzas p/azúcar y artículos similares,de acero inoxidable","82159910,82159990,82152000"
6211,6.815003851922956e-07,20076.840000688335,6692.280000229445,3,"Prendas de vestir ncop.,p/mujeres o niñas,de algodón,excluidas de punto","62114200,62114300,62113200"
8472,6.728227866025495e-07,19821.20000067957,6607.066666893191,1,"Máquinas y aparatos de oficina,ncop.",84729099
4401,6.683295393590637e-07,19688.830000675036,6562.943333558345,2,"Aserrín,desperdicios y desechos de madera en pellets","44013100,44012200"
7609,6.675416850981187e-07,19665.62000067424,6555.206666891413,1,"Accesorios de tubería,de aluminio",76090000
6601,6.523823643572537e-07,19219.030000658924,6406.343333552975,2,"Paraguas y sombrillas c/cubierta de seda o materias textiles sintéticas o artificiales,c/astil o mango telescópico","66019110,66019900"
4012,6.307280830696746e-07,18581.100000637056,6193.700000212352,1,"Bandajes y bandas de rodaduras intercambiables p/neumáticos,de caucho",40129090
1211,6.288448364347226e-07,18525.620000635154,6175.206666878385,2,"Plantas,partes,semillas y frutos ncop.utilizadas p/perfumería,medicina o similares","12119090,12119010"
2002,6.26230423027657e-07,18448.600000632512,6149.533333544171,3,"Tomates preparados o conservados sin vinagre ni  ácido acético, excepto enteros o en trozos.","20029000,20029090,20021000"
8309,6.098569037984678e-07,17966.240000615977,5988.746666871993,1,"Tapones y tapas de metal común,excluidas tapas coronas",83099000
8427,6.068786042355499e-07,17878.500000612967,5959.5000002043225,1,"Carretillas de manipulación c/dispositivo de elevación incorporado,ncop.",84279000
7608,5.994562771050778e-07,17659.84000060547,5886.613333535157,2,Tubos de aleaciones de aluminio ncop.,"76082090,76081000"
6110,5.932722491318345e-07,17477.660000599226,5825.886666866409,3,"Suéteres,pullovers,chalecos y similares de punto,de algodón","61102000,61103000,61109000"
8301,5.909117413633673e-07,17408.120000596842,5802.706666865614,7,"Cerraduras utilizadas en los vehículos automóviles,de metal común","83012000,83017000,83015000,83016000,83013000"
9023,5.799255702494126e-07,17084.47000058574,5694.82333352858,1,"Instrumentos,aparatos y modelos concebidos p/demostraciones,no susceptibles de otros usos",90230000
6204,5.718806990799172e-07,16847.470000577618,5615.823333525873,8,"Pantalones largos,cortos,c/peto y shorts excluidos de punto,de algodón,p/mujeres o niñas","62046200,62044300,62045300,62044400,62046900"
3304,5.536473549925985e-07,16310.320000559199,5436.773333519734,2,"Preparaciones p/el cuidado de la piel,excluidos medicamentos,ncop.","33049990,33049910"
8463,5.431136654511731e-07,16000.000000548562,5333.333333516187,1,"Máquinas p/trabajar alambres de metal,que no trabajen por arranque de materia",84633000
6203,5.286359523604493e-07,15573.490000533937,5191.163333511313,4,"Pantalones largos,cortos,c/peto y shorts excluidos de punto,de algodón,p/hombres o niños","62034200,62034300,62032200,62033900"
8460,5.253816831662742e-07,15477.620000530655,5159.206666843552,1,"Máquinas p/desbarbar,amolar o pulir metal excluidas de control numérico",84609090
7323,5.142753481538386e-07,15150.430000519435,5050.143333506478,5,"Artículos de uso doméstico y partes,de acero inoxidable","73239300,73231000,73239100,73239900,73239400"
4820,5.109345202192321e-07,15052.01000051606,5017.336666838687,3,"Libros registro,libros de contabilidad,talonarios,memorandos,agendas y artículos similares","48201000,48209000,48202000"
2001,4.987976270266028e-07,14694.460000503801,4898.153333501266,2,"Hortalizas,frutas y partes comestibles,ncop.,en vinagre o ácido acético","20019000,20011000"
3303,4.934187650623908e-07,14536.000000498369,4845.333333499456,1,Aguas de tocador,33030020
4420,4.882296534350457e-07,14383.130000493125,4794.376666831042,4,"Marquetería,cofres,estuches p/joyería,artículos de mobiliario de madera,excluidos objetos de adorno","44209000,44201100,44201000,44201900"
3405,4.751124400762772e-07,13996.70000047988,4665.566666826627,3,"Betunes,cremas y preparaciones similares p/el calzado o cuero y pieles","34051000,34059000,34054000"
8517,4.729063802564227e-07,13931.710000477651,4643.903333492551,5,"Estaciones base ncop.de aparatos de transmisión o recepción de voz, imagen u otros datos","85176199,85176249,85176259,85176299,85176294"
8451,4.676717828595961e-07,13777.500000472362,4592.5000001574535,2,"Máquinas p/lavar,blanquear,teñir telas o manufacturas textiles,ncop.","84514090,84519090"
6103,4.441006497790152e-07,13083.100000448556,4361.033333482852,3,"Pantalones largos,cortos,c/peto y shorts de punto, de fibras sintéticas,p/hombres o niños","61034300,61034200,61034100"
3307,4.425602436453793e-07,13037.720000447,4345.9066668156665,2,"Preparaciones de perfumería,tocador o cosmética,ncop.","33079000,33074900"
0809,4.2620471505635813e-07,12555.89000043048,4185.29666681016,1,Ciruelas y endrinas frescas,08094000
7214,4.1884246987512656e-07,12339.000000423044,4113.000000141014,1,"Barras de hierro,acero s/alear,de sección circular,laminadas o extrudidas en caliente",72149910
7322,4.120162099924871e-07,12137.900000416148,4045.966666805383,1,"Generadores o distribuidores de aire caliente o fresco,de funcionamiento no eléctrico,de fundición,hierro o acero,sus partes,ncop.",73229090
4419,4.06674347646734e-07,11980.530000410754,3993.5100001369183,2,Artículos de mesa o de cocina ncop.,"44199000,44191100"
2912,4.0407656709567284e-07,11904.000000408132,3968.000000136044,1,Glutaraldehído,29121912
9025,3.801123554997216e-07,11198.020000383925,3732.673333461308,4,Partes y accesorios de termómetros,"90259010,90251990,90259090,90258000"
4907,3.716594701890559e-07,10949.000000375388,3649.666666791796,1,"Sellos de correo,timbres fiscales y similares,papel timbrado, cheques excluidos de viajeros y similares",49070090
6404,3.685806945980295e-07,10858.300000372277,3619.4333334574258,1,Calzado excluido deportivo c/suela de caucho o plástico y parte superior de materia textil,64041900
7408,3.6752807242517703e-07,10827.290000371217,3609.0966667904054,1,Alambre de cobre refinado ncop.,74081900
7612,3.644645719059915e-07,10737.04000036812,3579.0133334560405,2,"Depósitos,barriles,bidones y similares,de aluminio,s/dispositivos mecánicos o térmicos,capacidad <= a 300l.ncop.","76129090,76129019"
8545,3.630721642461911e-07,10696.020000366714,3565.3400001222385,3,Resistencias eléctricas calentadoras desprovistas de revestimientos y terminales,"85459020,85459090,85452000"
9017,3.4794135697276226e-07,10250.270000351431,3416.7566667838105,4,"Partes y accesorios de instrumentos de dibujo,trazado,cálculo e instrumentos manuales de medida de longitudes,excluidas mesas o máquinas de dibujar","90179090,90178010,90172000,90173090"
6216,3.453863466228554e-07,10175.000000348851,3391.6666667829504,1,"Guantes,mitones y manoplas excluidos de punto",62160000
2509,3.421616092342391e-07,10080.000000345595,3360.0000001151984,1,Creta,25090000
5202,3.4142840578587997e-07,10058.400000344853,3352.8000001149508,1,Desperdicios de hilados de algodón,52021000
6813,3.4115447283086804e-07,10050.330000344577,3350.110000114859,4,Pastillas p/freno de celulosa u otras sustancias minerales excluido que contengan amianto,"68138110,68138910,68138190,68138990"
2515,3.394423070005332e-07,9999.890000342846,3333.2966667809487,1,Travertinos en bloques o placas rectangulares,25151220
2505,3.251366930525493e-07,9578.4500003284,3192.816666776133,1,Arenas silíceas y cuarzosas,25051000
7506,3.105354216029354e-07,9148.30000031365,3049.433333437883,1,"Chapas,hojas y tiras de aleaciones de níquel",75062000
6505,3.0555099593825727e-07,9001.460000308616,3000.4866667695387,5,"Tocados de cualquier material en piezas,excluidos gorros c/ o s/visera,sombreros y redecillas","65050090,65050012,65050031,65050011,65050021"
6507,3.0372511568421865e-07,8947.670000306773,2982.556666768924,1,"Desudadores,forros,fundas,armaduras,viseras y barboquejos,p/sombrerería",65070000
2204,3.030984982927043e-07,8929.210000306139,2976.4033334353794,1," Vinos no espumosos, mosto de uva en el que la fermentación se ha impedido o cortado añadiendo alcohol, en envases con capacidad <= a 2 l",22042100
4706,2.993914080799592e-07,8820.000000302394,2940.000000100798,1,Pasta de fibras obtenidas de papel o cartón reciclados,47062000
7607,2.7878601505878257e-07,8212.970000281583,2737.6566667605275,3,"Hojas y tiras s/soporte,simplemente laminadas,en bobinas,de aluminio ,espesor <= a 0,2mm.,ncop.","76071190,76072000,76071990"
2807,2.753756006857901e-07,8112.500000278138,2704.1666667593795,1,Ácido sulfúrico,28070010
8528,2.742133374417246e-07,8078.260000276964,2692.7533334256545,1,Monitores n.c.o.p.,85285900
9602,2.706949792277237e-07,7974.61000027341,2658.20333342447,1,"Materias vegetales o minerales p/tallar y sus manufacturas,manufacturas de cera,parafina,estearina y similares naturales,ncop.",96020090
8523,2.669614122237878e-07,7864.620000269639,2621.54000008988,3,,"85235910,85235200,85235190"
9024,2.6595868861894856e-07,7835.080000268626,2611.693333422875,1,Partes y accesorios de máquinas y aparatos p/ensayos de propiedades mecánicas de materiales,90249000
4201,2.5740193281976535e-07,7583.0000002599845,2527.666666753328,2,"Artículos de talabartería o guarnicionería p/todos los animales,de cuero natural o regenerado","42010010,42010090"
4411,2.55892416275852e-07,7538.530000258459,2512.8433334194865,2,Tablero de fibra de madera densidad media de espesor >a 9mm.excluido s/trabajo mecánico ni recubrimiento de superficie,"44111490,44111210"
0104,2.4501215232666045e-07,7218.00000024747,2406.0000000824903,2,"Animales ovinos,reproductores de raza pura,preñadas o c/cría al pie","01041011,01041019"
6201,2.4173853470815355e-07,7121.560000244164,2373.8533334147214,3,"Abrigos, chaquetones, capas, anoraks, cazadoras y artículos similares, para hombres o niños, excepto los de la partida 62.03, de fibras sintéticas o artificiales","62014000,62011300,62011200"
3822,2.390833877761791e-07,7043.340000241482,2347.7800000804937,3,Otros reactivos de diagnóstico o de laboratorio n.c.o.p.,"38221990,38220090,38229000"
1107,2.2900048257707807e-07,6746.300000231297,2248.7666667437657,1,"Malta tostada,entera o partida",11072010
5808,2.2518001738667e-07,6633.75000022744,2211.250000075813,1,"Artículos de pasamanería y similares,en piezas,s/bordar,bellotas,madroños,pompones y similares de materia textil",58089000
8470,2.179243582622832e-07,6420.00000022011,2140.0000000733703,1,Máquinas de expedir boletos y similares con dispositivo de cálculo incorporado,84709090
1701,1.99189652372545e-07,5868.080000201188,1956.0266667337294,1,Azúcar de caña o remolacha y sacarosa químicamente pura ncop.,17019900
1002,1.9379212087608306e-07,5709.070000195737,1903.0233333985789,1,Centeno excluido p/siembra,10029000
8535,1.9372287388373804e-07,5707.030000195667,1902.3433333985554,5,"Pararrayos p/protección de líneas de transmisión de electricidad,p/una tensión > a 1000 voltios","85354010,85352900,85354090,85353019,85359000"
8306,1.9161898732219656e-07,5645.050000193542,1881.6833333978473,3,"Estatuillas y objetos de adorno,de metal común,ncop.","83062900,83063000,83062100"
8506,1.8796926349036467e-07,5537.530000189855,1845.8433333966184,1,"Pilas de litio,c/volumen exterior <= a 300cm3",85065010
4007,1.8526421799037692e-07,5457.840000187123,1819.2800000623745,1,Cuerdas de caucho vulcanizado,40070020
7312,1.8202182940763342e-07,5362.320000183849,1787.4400000612827,2,"Cables de hierro o acero,s/aislar p/electricidad,excluidos revestidos c/bronce o latón","73121090,73129000"
5109,1.792709586921232e-07,5281.280000181068,1760.4266667270228,1,"Hilados de lana o pelo fino,peso >= 85%,s/acondicionar p/la venta por menor",51091000
6910,1.7687922188789259e-07,5210.820000178654,1736.940000059551,2,"Artículos p/usos sanitarios,de porcelana","69101000,69109000"
6210,1.7651194127163125e-07,5200.000000178282,1733.3333333927606,1,"Prendas de vestir p/hombres o niños,excluidas de punto,cauchutadas,revestidas de plástico u otras materias,ncop.",62104000
6205,1.7049424185843228e-07,5022.720000172205,1674.2400000574016,2,"Camisas excluidas de punto,de fibras sintéticas o artificiales,p/hombres o niños","62053000,62052000"
6306,1.6988018397043152e-07,5004.630000171584,1668.2100000571945,4,Tiendas(carpas)de fibras sintéticas,"63062200,63061910,63061200,63069000"
7305,1.6972437823765522e-07,5000.040000171427,1666.6800000571423,1,"Tubos de hierro o acero,diámetro exterior > a 406,4mm.ncop.",73059000
9030,1.6960421433917414e-07,4996.500000171305,1665.5000000571017,1,"Aparatos p/medida o control de tensión,intensidad,resistencia o potencia de magnitudes eléctricas c/dispositivo registrador",90303990
3305,1.629340996353519e-07,4800.000000164568,1600.000000054856,1,Champúes,33051000
0706,1.5795340787712375e-07,4653.270000159538,1551.0900000531792,1,Zanahorias y nabos frescos o refrigerados,07061000
6006,1.5648903765665104e-07,4610.1300001580585,1536.7100000526862,2,Tejidos de punto de fibras sinteticas teñidos de nailon o demas poliamidas,"60063210,60062100"
6405,1.542021896790607e-07,4542.760000155749,1514.2533333852498,2,Calzado ncop.c/suela de caucho o plástico y parte superior de cuero regenerado,"64051010,64051090"
3406,1.53744955861959e-07,4529.290000155287,1509.7633333850956,1,"Velas,cirios y artículos similares",34060000
8547,1.4844382704111465e-07,4373.120000149933,1457.7066667166441,2,"Piezas aislantes,tubos aisladores y sus piezas de unión p/usos eléctricos,ncop.","85479000,85472090"
7314,1.4536776701841554e-07,4282.500000146826,1427.500000048942,1,"Telas metálicas tejidas de hierro o acero,ncop.",73141900
8502,1.3577841636279328e-07,4000.0000001371404,1333.3333333790467,1,"Grupo electrógeno c/motor de émbolo de encendido por compresión,de potencia <= a 75kVA excluido de corriente alterna",85021190
3203,1.353031919055235e-07,3986.00000013666,1328.6666667122201,1,Materias colorantes vegetales ncop.,32030019
2940,1.330628480355374e-07,3920.000000134398,1306.666666711466,1,"Éteres y ésteres de los azúcares químicamente puros y sus sales,ncop.",29400099
7211,1.3288531775614306e-07,3914.770000134218,1304.9233333780728,1,"Productos planos de hierro,acero s/alear,laminados en caliente ancho < a 600mm.s/chapar,ncop.",72111900
6815,1.3265754946269447e-07,3908.0600001339885,1302.6866667113295,1,"Manufacturas de grafito u otros carbonos, para usos distintos de los eléctricos",68151900
7419,1.3224919587548338e-07,3896.030000133576,1298.676666711192,3,Muelles (resortes) de cobre,"74198030,74198090,74199990"
7313,1.2983811064692107e-07,3825.0000001311405,1275.0000000437135,1,"Alambres de púas,de hierro o acero,alambres y flejes de hierro o acero,torcidos,incluidos de púas utilzados p/cercar",73130000
7103,1.2816566000337238e-07,3775.7300001294516,1258.5766667098171,1,"Piedras preciosas o semipreciosas naturales ncop.,trabajadas excluidas simplemente aserradas o desbastadas",71039900
4014,1.273462372606229e-07,3751.5900001286236,1250.5300000428745,1,Preservativos de caucho vulcanizado s/endurecer,40141000
3404,1.2551526531597064e-07,3697.650000126774,1232.550000042258,1,"Ceras artificiales,ncop.",34049019
8505,1.1646088162081777e-07,3430.910000117629,1143.6366667058762,4,"Imanes permanentes y artículos destinados a ser imantados permanentemente,de metal","85051100,85059090,85059010,85051990"
8533,1.1438890298712154e-07,3369.870000115536,1123.290000038512,5,Resistencias eléctricas fijas ncop.,"85332900,85332190,85334099,85334092,85334011"
9617,1.1122967868440026e-07,3276.8000001123455,1092.266666704115,1,Termos y otros recipientes isotérmicos,96170010
2528,1.1025207408658815e-07,3248.000000111358,1082.666666703786,1,"Boratos naturales y sus concentrados,excluido los boratos extraídos de las salmueras naturales-ácido bórico natural c/un contenido de H3BO3 <= al 85 % calculado sobre producto seco",25280000
6406,1.0464238881455933e-07,3082.7400001056917,1027.5800000352306,1,"Suelas y tacos de calzado,de caucho o plástico",64062000
8416,1.0446248241287863e-07,3077.44000010551,1025.8133333685034,1,Quemadores de combustibles líquidos,84161000
6209,1.0407822949457191e-07,3066.120000105122,1022.0400000350406,2,"Prendas y accesorios de vestir excluidos de punto,de algodón,para bebés","62092000,62093000"
8308,1.0347197886551206e-07,3048.26000010451,1016.0866667015033,2,"Remaches tubulares o c/espiga hendida,de metal común","83082000,83089010"
6301,1.031481473424868e-07,3038.720000104183,1012.9066667013942,4,"Mantas de lana o pelo fino, excluidas las eléctricas","63012000,63013000,63014000,63019000"
7311,1.0183313338001315e-07,2999.9800001028552,999.9933333676184,1,"Recipientes p/gases comprimidos o licuados,de fundición,hierro o acero",73110000
3908,9.779711995362911e-08,2881.0800000987783,960.3600000329261,1,"Poliamida-6 o -6,6,c/carga,en trozos,polvo,gránulos,copos y similares",39081023
9703,9.215960010624594e-08,2715.000000093084,905.000000031028,1,"Obras originales de estatuaria o escultura, de cualquier materia, de no más de 100 años",97039000
2521,9.151940487309537e-08,2696.1400000924377,898.7133333641459,1,Piedras p/la fabricación de cal o cemento,25210000
4414,9.019284974523088e-08,2657.060000091097,885.6866666970325,2,,"44140000,44149000"
7310,8.649085122309931e-08,2548.000000087359,849.3333333624529,2,"Barriles,tambores,latas y similares capacidad < a 50l.ncop.de fundición,hierro o acero,excluidos p/gases y alimentos","73102990,73102910"
3212,8.590802237086202e-08,2530.83000008677,843.6100000289233,1,"Pigmentos dispersos ncop.,utilizados p/fabricación de pinturas,tintes y similares,acondicionados p/la venta x menor",32129090
3811,8.564223612083185e-08,2523.000000086501,841.0000000288337,2,"Aditivos p/aceites lubricantes,c/aceites de petróleo o minerales bituminosos ncop.","38112190,38119090"
6212,7.999690901450782e-08,2356.6900000807996,785.5633333602665,1,Corpiños,62121000
7116,7.723721270193405e-08,2275.3900000780122,758.4633333593374,1,"Manufacturas de piedras preciosas o semipreciosas,ncop.",71162090
8503,7.196188178019862e-08,2119.9800000726837,706.6600000242279,2,"Partes de motores y generadores de las posiciones 8501.10,8501.20,8501.31,850132 u 8501.40.1","85030010,85030090"
8211,6.972221680229433e-08,2054.0000000704213,684.6666666901405,2,"Cuchillos de mesa de hoja fija,de metal común","82119100,82119210"
7225,6.929621202095609e-08,2041.4500000699916,680.4833333566638,1,"Productos planos de otros aceros aleados ncop.,laminados en caliente,ancho >= a 600mm.,s/enrollar",72254090
7415,6.818045288449482e-08,2008.5800000688644,669.5266666896215,5,Artículos roscados de cobre ncop.,"74153900,74153300,74152900,74152100,74151000"
6101,6.788920818139664e-08,2000.0000000685702,666.6666666895234,1,"Abrigos,chaquetones y similares de punto,de fibras sintéticas o artificiales, p/hombres o niños",61013000
3306,6.757691782376221e-08,1990.8000000682548,663.6000000227516,1,"Preparaciones p/higiene bucal,dental,acondicionadas p/la venta por menor,excluidos dentífricos e hilo dental",33069000
6206,6.310845014126269e-08,1859.1600000637416,619.7200000212472,2,"Camisas y blusas excluidas de punto,de fibras sintéticas o artificiales,p/mujeres o niñas","62064000,62063000"
7208,6.27975175677919e-08,1850.0000000634277,616.6666666878092,1,"Productos planos de hierro,acero s/alear,laminados en caliente,ancho >= a 600mm.s/enrollar s/chapar,espesor >= a 4,75mm.y <= a 10mm.",72085200
5402,6.240002625388982e-08,1838.2900000630261,612.7633333543421,2,"Hilados alta tenacidad de otras poliamidas ncop.,s/acondicionar p/la venta por menor","54021990,54022000"
2104,6.191495786143374e-08,1824.0000000625362,608.0000000208454,1,"Preparaciones p/sopas,potajes o caldo,en envases <= a 1kg.",21041011
7228,5.879205428508949e-08,1732.0000000593818,577.3333333531273,1,"Barras de otros aceros aleados ncop.,laminadas en caliente",72283000
9107,5.689658759266489e-08,1676.1600000574672,558.7200000191557,1,Interruptores horarios c/mecanismo de relojería o motor sincrónico,91070010
6105,5.6706837255797886e-08,1670.5700000572756,556.8566666857586,1,"Camisas de punto,de algodón, p/hombres o niños",61051000
6202,5.3931526425342396e-08,1588.8100000544725,529.6033333514908,2,"Abrigos, chaquetones, capas, anoraks, cazadoras y artículos similares, para mujeres o niñas, excepto los de la partida 62.04, de fibras sintéticas o artificiales","62024000,62021900"
7010,5.355032852140385e-08,1577.5800000540873,525.8600000180292,4,"Bombonas y botellas de vidrio,c/capacidad > a 1l.","70109011,70109022,70109090,70109021"
8548,5.346275144284985e-08,1575.000000053999,525.0000000179997,1,,85489010
0712,5.2787253821444955e-08,1555.1000000533168,518.3666666844389,1,Hortalizas ncop.secas,07129090
7215,5.206321541619036e-08,1533.7700000525854,511.2566666841951,1,"Barras de hierro,acero s/alear,ncop.",72159090
3215,4.820133780879161e-08,1420.0000000486848,473.3333333495616,1,Tintas de imprenta negra,32151100
7013,4.755231697857746e-08,1400.8800000480294,466.96000001600976,3,Recipientes p/beber de vidrio excluidos c/pie y de vitrocerámica y/o cristal al plomo,"70133700,70132800,70139110"
8203,4.207467621646148e-08,1239.5100000424968,413.17000001416557,3,"Cortatubos,cortapernos,sacabocados y herramientas similares de metal común","82034000,82032090,82032010"
5909,4.0890688425777924e-08,1204.6300000413012,401.5433333471004,1,Mangueras p/bombas y tubos similares de materia textil,59090000
6302,4.052985728429379e-08,1194.0000000409364,398.0000000136455,7,Ropa de mesa de algodón,"63025100,63026000,63021000,63022100,63029990"
8541,4.0393739421890095e-08,1189.990000040799,396.663333346933,5,"Diodos s/montar ncop.,excluidos los fotodiodos y los diodos emisores de luz","85411019,85416010,85412920,85411029,85411099"
5609,3.806276345898184e-08,1121.3200000384445,373.77333334614815,2,"Otros artículos de hilados de algodón, no expresados ni comprendidos en otra parte","56090010,56090090"
2844,3.436755385766842e-08,1012.4600000347123,337.48666667823744,1,Residuos radiactivos,28444400
4113,3.401724554345241e-08,1002.1400000343584,334.0466666781195,1,"Cueros y pieles depilados de caprino excluido curtidos al cromo,acabados",41131090
6304,3.299245794595423e-08,971.9500000333235,323.9833333444411,2,Artículos de tapicería de fibras sintéticas excluidos de punto y colchas,"63049300,63049900"
7605,3.139366709328234e-08,924.8500000317086,308.2833333439029,1,Alambre de aluminio s/alear ncop.,76051990
5208,3.127655820916943e-08,921.4000000315901,307.1333333438634,1,"Tejidos de algodón,blanqueados,peso >=85%,de ligamento  tafetán,gramaje > a 100g/m2.",52082200
4303,3.111022964912501e-08,916.5000000314224,305.50000001047414,1,Artículos de peletería excluidas prendas y accesorios de vestir,43039000
8310,2.9370568689476723e-08,865.2500000296652,288.41666667655505,1,"Placas indicadoras,rótulo,de dirección y similares,letras,números y otros signos,de metal común",83100000
7325,2.9346128574531415e-08,864.5300000296404,288.1766666765468,2,"Otras manufacturas moldeadas,de acero,ncop.","73259910,73259990"
8532,2.8252772876770026e-08,832.3200000285362,277.4400000095121,2,Condensadores fijos c/dieléctrico de papel o plástico excluidos los aptos p/montaje en superficie(SMD),"85322590,85322200"
3802,2.8004298374826114e-08,825.0000000282853,275.00000000942845,1,Carbones activados,38021000
8519,2.7834575354372623e-08,820.0000000281138,273.33333334270463,1,Aparatos de grabación y/o reproducción de sonido ncop.,85198900
6214,2.6374957378472594e-08,777.0000000266396,259.00000000887985,1,"Chales,pañuelos de cuello,bufandas,velos y artículos similares excluidos de punto,de fibras sintéticas",62143000
0710,2.6188262055973754e-08,771.500000026451,257.16666667548367,1,"Porotos (frijoles,alubias,judías)excluidas frescas o refrigeradas",07102200
4017,2.497474245973129e-08,735.7500000252253,245.25000000840842,1,"Caucho endurecido en cualquier forma,desechos,desperdicios y manufacturas",40170000
8546,2.4897348762404495e-08,733.4700000251471,244.49000000838237,2,Aisladores eléctricos excluidos de vidrio o cerámica,"85469000,85462000"
2512,2.4594902339956374e-08,724.5600000248417,241.52000000828056,1,Harinas y tierras silíceas,25120000
6402,2.3701140914248287e-08,698.2300000239388,232.74333334131296,3,"Calzado c/suela y parte superior de caucho o plástico, ncop.","64029990,64022000,64029190"
8539,2.3635288382312333e-08,696.2900000238724,232.09666667462415,5,Lámparas y tubos de incandescencia halógenas de volframio p/tensión <= a 15 voltios,"85392110,85395000,85392990,85392190,85392910"
5602,2.298321253773002e-08,677.0800000232138,225.69333334107125,1,"Fieltros de materia textil no expresado ni comprendido en otra parte, s/impregnar o recubrir",56022900
9608,2.257316172031438e-08,665.0000000227996,221.6666666742665,1,Bolígrafos,96081000
5903,2.1987956745790743e-08,647.7600000222085,215.92000000740282,1,"Telas impregnadas,recubiertas o estratificadas c/plástico, ncop.",59039000
8518,2.027035977880141e-08,597.1600000204737,199.0533333401579,1,"Altavoces(altoparlantes),ncop.",85182990
3816,1.9850804472240374e-08,584.8000000200499,194.93333334001662,1,Cementos y morteros refractarios ncop.,38160019
8204,1.935317657627074e-08,570.1400000195474,190.04666667318247,2,"Llaves de ajuste de mano,de boca fija,de metal común","82041100,82041200"
7212,1.9242517166935064e-08,566.8800000194356,188.9600000064785,2,"Productos laminados planos de hierro,acero s/alear,ancho < a 600mm.revestidos ncop.","72125090,72122090"
7615,1.893565794595515e-08,557.8400000191256,185.94666667304185,1,"Artículos de uso doméstico y sus partes-esponjas,estropajos,guantes y artículos similares p/fregar,lustrar o usos análogos,de aluminio",76151000
0906,1.8289352684068254e-08,538.8000000184728,179.60000000615761,1,"Canela,trituradas o pulverizadas",09062000
6913,1.8136601965660114e-08,534.3000000183187,178.10000000610623,1,Estatuillas y otros adornos de cerámica excluida porcelana,69139000
7117,1.7455673207600704e-08,514.2400000176308,171.41333333921025,1,Artículos de bisutería de metales comunes excluido gemelos,71171900
5607,1.697230204534916e-08,500.00000001714255,166.66666667238084,1,Cordeles y cuerdas de polietileno o polipropileno p/atar o engavillar,56074100
2508,1.6945146362076602e-08,499.20000001711514,166.40000000570504,1,Bentonita,25081000
4403,1.4256733718093295e-08,420.0000000143998,140.00000000479994,1,"Madera en bruto tratada con pintura, creosota u otros agentes de conservación, excepto la de coníferas",44031200
8513,1.2678309627875823e-08,373.5000000128055,124.5000000042685,1,Lámparas de mano incluidas las linternas,85131010
8542,1.2527595585713122e-08,369.06000001265323,123.02000000421775,3,Circuitos electrónicos integrados ncop.,"85423999,85423190,85423120"
5702,1.2476678679577074e-08,367.5600000126018,122.5200000042006,2,"Alfombras y revestimientos p/suelos s/aterciopelar confeccionados,de materia textil ncop.","57029900,57029100"
8531,1.2423725097195586e-08,366.0000000125484,122.00000000418281,1,"Aparatos eléctricos de señalización acústica o visual ncop.,excluidos los de las partidas 8512 u 8530",85318000
8524,1.2263846011928396e-08,361.2900000123869,120.43000000412896,1,"Módulos de visualización («display») de pantalla plana, con controladores («drivers») o circuitos de control, de cristal líquido",85249100
6905,1.1880611431744412e-08,350.0000000119998,116.6666666706666,1,"Elementos de chimenea,ornamentos arquitectónicos y otros productos cerámicos p/la construcción",69059000
9002,1.1559156031005497e-08,340.53000001167504,113.51000000389168,1,Filtros ópticos excluidos polarizantes,90022090
0708,1.1547954311655568e-08,340.2000000116638,113.40000000388794,1,"Porotos(alubias,frijoles,judías)frescos o refrigerados",07082000
8462,1.1180673695394212e-08,329.3800000112928,109.7933333370976,1,"Máquinas de enrollar,curvar,plegar,enderezar o aplanar metales,excluidas de control numérico",84622900
6912,1.1116857839703699e-08,327.50000001122834,109.16666667040944,1,"Vajillas,otros artículos de uso doméstico,higiene o tocador,de cerámica excluida porcelana",69120000
4415,1.0938309222186626e-08,322.24000001104804,107.41333333701601,1,"Cajones,cajas,jaulas,tambores y envases similares,carretes p/cables,de madera",44151000
7508,1.0865667769432533e-08,320.10000001097467,106.70000000365822,1,"Otras manufacturas de níquel,ncop.",75089090
6111,8.287575088743994e-09,244.15000000837068,81.38333333612356,1,"Prendas y accesorios de vestir de punto,de algodón,para bebés",61112000
2710,7.82015789041508e-09,230.38000000789862,76.79333333596621,2,Aceites lubricantes c/aditivos,"27101932,27101993"
5908,7.467812899953631e-09,220.00000000754275,73.33333333584758,1,"Mechas de materia textil tejidas,trenzadas o de punto,p/lámparas,mecheros y similares",59080000
8210,7.315062181545487e-09,215.50000000738842,71.83333333579614,1,"Aparatos mecánicos manuales,peso<= a 10kg.,ncop.,de metal común p/preparar,acondicionar,servir alimentos o bebidas",82100090
4814,6.4664470792780305e-09,190.50000000653134,63.50000000217711,1,"Papel p/decorar o revestir paredes ncop.,papel p/vidrieras",48149000
5806,6.415190727101075e-09,188.99000000647953,62.996666668826514,1,Cintas de fibras sintéticas o artificiales,58063200
3213,6.2797517567791886e-09,185.00000000634273,61.66666666878091,1,"Colores en surtidos p/pintura artística,enseñanza,letreros,matizar o entretenimientos",32131000
6506,6.2379998937476306e-09,183.7700000063006,61.25666666876686,1,Sombreros y tocados de otras materias ncop.,65069900
9013,6.183009635120699e-09,182.15000000624502,60.71666666874834,1,,90138010
4013,5.675537803964759e-09,167.20000000573248,55.73333333524416,1,"Cámaras de caucho p/neumáticos,ncop.",40139000
3601,5.449466740720708e-09,160.54000000550414,53.51333333516805,1,Pólvoras,36010000
3814,5.091690613604747e-09,150.00000000514274,50.00000000171425,1,"Disolventes y diluyentes orgánicos compuestos,preparaciones p/quitar pinturas o barnices ncop.",38140090
8214,5.037379247059631e-09,148.40000000508792,49.466666668362635,2,"Otros artículos de cuchillería,de metal común,ncop.","82149090,82141000"
6911,4.7386667310614856e-09,139.6000000047862,46.533333334928734,1,"Artículos p/servicio de mesa o cocina de porcelana,ncop.",69111090
5705,4.641585163362089e-09,136.74000000468817,45.58000000156272,1,Otras alfombras y revestimientos p/suelos de materia textil ncop.,57050000
6806,4.629365105889437e-09,136.38000000467582,45.460000001558605,2,Aislante térmico o acústico silicoaluminoso o aluminoso,"68069010,68069090"
6108,4.552989746685365e-09,134.13000000459866,44.71000000153289,3,"Camisones y pijamas de punto,de algodón,p/mujeres o niñas","61083100,61082100,61082200"
4817,4.24307551133729e-09,125.00000000428564,41.66666666809521,1,"Cajas,bolsas y presentaciones similares de papel o cartón,c/un surtido de artículos de correspondencia",48173000
7418,4.1704340585831955e-09,122.86000000421227,40.95333333473742,1,"Artículos de higiene o tocador y sus partes,de cobre",74182000
0908,3.913812851657516e-09,115.30000000395307,38.433333334651024,1,Nuez moscada triturada o pulverizada,09081200
4205,3.903629470430307e-09,115.0000000039428,38.3333333346476,1,"Otras manufacturas de cuero,ncop.",42050000
8525,3.319442834029389e-09,97.79000000335274,32.59666666778425,1,Cámaras de televisión n.c.o.p.,85258919
6207,3.2043706261619215e-09,94.40000000323653,31.46666666774551,1,"Camisetas,batas y similares excluidas de punto,de algodón,p/hombres o niños",62079100
9004,3.071307778126384e-09,90.48000000310212,30.16000000103404,2,Gafas(anteojos)de seguridad,"90049020,90049090"
2523,2.9158414913909856e-09,85.90000000294509,28.63333333431503,1,"Cemento blanco,incluso coloreado artificialmente",25232100
8540,2.376122286348882e-09,70.00000000239996,23.333333334133318,1,"Válvulas electrónicas,de potencia p/transmisores",85408910
3914,2.096079302600621e-09,61.7500000021171,20.583333334039033,1,"Intercambiadores de iones a base de poliestireno y sus copolímeros,ncop.,en formas primarias",39140019
9613,1.6293409963535194e-09,48.00000000164569,16.000000000548564,1,"Encendedores y mecheros excluido de mesa,de bolsillo y de gas",96138000
8105,1.3917287677186311e-09,41.00000000140569,13.66666666713523,1,Polvo de cobalto y de otros productos intermedios de la metalurgia del cobalto excluido de aleaciones a base de cobalto-cromo-volframio (tungsteno)(estelitas),81052029
6914,1.3577841636279329e-09,40.000000001371404,13.333333333790469,1,Manufacturas de cerámica excluida porcelana ncop.,69149000
3901,1.1011629567022533e-09,32.4400000011122,10.813333333704067,1,Polietileno clorosulfonado en formas primarias,39019030
2934,9.165043104488545e-10,27.000000000925695,9.000000000308566,2,Ácidos nucleicos y sus sales,"29349934,29349939"
7907,4.344909323609385e-10,12.80000000043885,4.26666666681295,1,Manufacturas de cinc ncop.,79070090
3903,4.2091309072465913e-10,12.400000000425134,4.133333333475044,1,"Polímeros de estireno en formas primarias,ncop.",39039090
2825,3.5641834295233235e-10,10.500000000359993,3.500000000119998,1,Trióxido de volframio,28259020
2822,3.5641834295233235e-10,10.500000000359993,3.500000000119998,1,"Óxidos e hidróxidos de cobalto excluido tetraóxido de tricobalto,óxidos de cobalto comerciales",28220090
2841,3.5641834295233235e-10,10.500000000359993,3.500000000119998,1,Volframato de amonio,28418010
7411,3.085564511844477e-10,9.090000000311651,3.030000000103884,1,"Tubos de aleaciones de cobre ncop.,excluidos s/aletas ni ranuras",74112990
1301,3.055014368162849e-10,9.000000000308567,3.000000000102856,1,"Gomas,resinas,gomorresinas y bálsamos naturales excluidas goma laca y arábiga",13019090
2511,2.566212069256793e-10,7.560000000259196,2.5200000000863985,1,Sulfato de bario natural(baritina),25111000
6804,1.697230204534916e-10,5.0000000001714255,1.6666666667238086,1,"Muelas de abrasivos aglomerados o de cerámica,ncop",68042290
7216,8.350372606311788e-11,2.460000000084342,0.8200000000281139,1,"Perfiles de hierro,acero s/alear en L,laminados o extrudidos en caliente,altura < a 80mm.",72162100
7901,6.110028736325698e-11,1.8000000000617133,0.6000000000205711,1,"Cinc s/alear,electrolítico,c/contenido >= a 99,99%,en lingotes",79011111
5112,3.3944604090698315e-11,1.000000000034285,0.3333333333447617,1,"Tejidos de lana peinada,peso >= 85% excluidos de gramaje <= a 200g/m2.",51121910
4910,3.055014368162849e-12,0.09000000000308567,0.030000000001028555,1,Calendarios de cualquier clase impresos,49100000
